#{"t_start": 1697720412.5152571, "env_id": "LunarLander-v2"}
r,l,t
-558.315897,120,4.661347
-520.144518,141,4.695376
-550.641399,99,4.717402
-205.502301,116,4.743427
-525.307488,151,4.785617
-423.239229,120,4.812288
-949.592048,144,4.849643
-334.774116,124,4.883287
-533.917923,116,4.909785
-496.10312,108,4.934407
-560.154725,94,4.955396
-489.545945,127,4.986939
-764.284168,172,5.040217
-480.795719,98,5.062591
-470.296389,114,5.090318
-350.399958,127,10.315131
-187.376452,142,10.354854
-415.116308,220,10.44873
-175.935373,118,10.480483
-320.834736,127,10.51075
-228.260441,146,10.552375
-194.992462,131,10.587951
-64.56596,229,10.678665
-247.778297,125,10.708846
-168.129415,161,10.754695
-408.047278,208,10.814286
-206.99984,146,10.859296
-286.8488,226,10.967501
-160.53545,148,11.007884
-339.842461,228,11.098087
-303.869276,574,16.889345
-250.589258,400,17.238528
-39.186661,293,17.434075
-243.252713,331,17.653796
-125.749735,527,18.138475
-148.873813,303,18.349071
-233.165755,389,18.615761
-112.56564,586,19.232122
-259.347298,271,19.342217
-203.894377,357,19.614078
-161.647312,352,19.843501
-84.539266,392,20.140262
-119.768224,311,20.334464
-35.416304,360,20.6436
-209.488519,549,21.515948
-218.348998,515,27.645684
-228.826206,413,27.982826
-380.061856,325,28.170669
-144.194017,539,28.713357
-218.064789,757,30.076105
-324.231115,695,30.838913
-210.172865,305,31.044586
-281.073588,520,31.666841
-345.113474,607,32.402408
-231.715079,382,32.735605
-220.387563,280,32.883128
-389.054797,315,33.069651
-227.358579,693,33.817251
-396.570996,291,33.95494
-201.789124,522,34.690225
-229.822447,112,40.995981
-196.677728,1000,43.114211
-260.184975,481,43.559301
-276.267098,1000,45.70263
-360.173306,960,48.117964
-388.604438,994,50.598358
-303.039526,1000,52.692977
-259.740137,562,53.359825
-384.030206,886,54.399109
-236.607334,91,54.421196
-251.805942,193,54.496692
-396.767945,719,55.57057
-434.719374,947,57.646549
-319.253596,437,58.055985
-272.700593,362,58.290387
-235.485097,411,64.283778
-212.76534,325,64.490699
-245.149937,261,64.633743
-238.269063,214,64.734539
-205.391184,147,64.777616
-164.485752,166,64.838437
-214.704446,230,64.9507
-245.698009,174,65.008072
-171.122409,123,65.039828
-175.069314,285,65.19576
-253.68077,186,65.264202
-223.595452,168,65.3252
-111.179286,202,65.405188
-157.097254,146,65.447189
-250.020042,98,65.47443
-184.866956,105,70.869904
-224.45874,93,70.894482
-280.273035,623,71.545443
-214.689012,455,72.063336
-251.050722,305,72.260333
-220.480688,225,72.370893
-178.350744,129,72.404959
-208.652182,349,72.619948
-179.594271,751,74.168944
-177.955877,531,74.825699
-207.695474,125,74.859491
-234.727017,365,75.079248
-207.86495,386,75.378296
-236.417095,711,76.357015
-356.203659,822,77.786935
-153.056457,271,83.494427
-212.434448,84,83.514124
-197.443077,277,83.684952
-170.756422,126,83.716691
-137.046793,248,83.857441
-225.457413,563,84.561044
-274.422752,749,85.620164
205.879787,746,86.770058
-170.168791,406,87.076812
-220.948932,608,87.772257
-202.833848,446,88.091759
-102.522162,579,88.716831
-188.95598,95,88.738517
-210.698381,114,88.765565
-62.941145,89,88.786086
-179.586532,1000,95.873299
-182.527611,513,96.646283
-220.1427,116,96.673903
-202.908897,1000,97.755613
-208.852003,110,97.782693
-230.312061,105,97.807371
-223.404859,118,97.838722
-188.518171,308,98.013232
-112.783694,451,98.479133
-251.471432,630,99.016081
-106.578246,362,99.272758
-158.084082,108,99.300543
-110.505939,505,99.949016
-163.757591,601,100.48757
-228.215488,92,100.510166
-141.553118,568,106.737643
-358.9441,861,107.859904
-134.054543,182,107.919153
-157.199629,113,107.948367
-168.257639,250,108.058269
-198.75019,120,108.0905
-77.823786,611,108.749992
-205.065888,145,108.789163
-191.432854,89,108.809344
-224.289309,104,108.833446
-137.538669,682,109.511839
-390.507193,323,109.712241
89.383437,906,112.233898
211.982767,630,113.049428
-254.25367,539,113.807734
-127.76064,688,120.379143
-165.774663,215,120.477384
-195.108289,135,120.517697
-266.856739,548,121.074793
-129.892333,117,121.107377
-190.435286,283,121.235209
-174.055245,361,121.44587
-160.493412,113,121.472391
-150.041796,184,121.536855
-176.285194,425,121.937774
-141.707535,257,122.064135
-249.530195,118,122.09762
-122.661386,264,122.2542
-206.127883,635,122.965473
-142.992174,170,123.024447
-149.137509,209,128.434803
-109.478515,353,128.663705
-191.726884,203,128.753857
-219.515378,352,128.984204
-130.760414,192,129.050263
-134.621345,206,129.129192
-115.832148,115,129.159695
-226.864507,87,129.18059
-128.183579,162,129.233109
-102.195868,131,129.262712
-158.548839,417,129.674101
-159.022155,161,129.722627
-214.640416,97,129.747339
-167.27317,126,129.779832
-229.80426,347,130.0448
-214.052614,328,135.536812
-197.362834,320,135.782201
-187.838338,90,135.806137
-255.503967,790,137.851491
-171.352995,502,138.47337
-221.335204,463,138.995368
-193.831188,535,139.530109
-192.971204,469,139.904084
-149.19676,313,140.142558
-194.776533,117,140.172058
-138.902675,283,140.326646
-132.773844,141,140.367294
-234.617582,614,141.181392
-76.587633,91,141.201835
-214.508404,329,141.465309
-241.183115,617,147.83791
-44.311579,416,148.116024
-261.140639,561,148.56176
-287.51547,571,149.231289
-196.388975,1000,151.192948
-259.839946,783,152.261192
-306.461502,968,153.658688
-233.298678,418,153.991163
-128.883276,214,154.065895
-167.042604,354,154.369763
-251.314886,663,155.247612
-248.727788,801,157.401291
-169.627978,200,157.473701
-142.710229,1000,159.209029
-204.23987,746,160.317918
-78.745792,420,166.606075
-241.509183,492,167.107903
-140.902594,241,167.231685
-104.125033,247,167.34686
-207.673942,152,167.391479
-172.65249,304,167.572731
-152.008744,153,167.621611
-229.072672,188,167.686424
-169.129412,224,167.788552
-291.59283,367,168.107019
-189.60923,88,168.130081
-182.813273,210,168.218254
-161.997231,257,168.314995
-182.470063,341,168.534365
-156.268192,120,168.562489
-240.493558,183,174.394503
-167.553989,94,174.418047
-199.60922,1000,175.6533
-176.763199,534,176.160373
-107.958142,227,176.246533
-161.074126,398,176.535872
-188.910273,1000,178.076821
-235.647124,175,178.135896
-152.605253,1000,180.916254
-165.845878,87,180.934897
-181.063629,1000,182.90113
-232.429637,99,182.925263
-161.242197,150,182.972956
-122.902253,1000,185.107535
-176.335981,617,185.975227
-178.995852,1000,194.08278
-137.245321,1000,195.667129
-177.100153,203,195.744871
-174.855353,1000,197.274223
-177.934664,240,197.392554
-145.422077,1000,200.211124
-128.587554,1000,201.609055
-149.034085,652,202.596453
-189.03225,1000,205.117492
-125.907592,1000,206.978273
-66.465566,129,207.014607
-142.414714,146,207.060687
-100.437442,1000,209.004761
-99.363927,1000,210.401701
-214.751647,1000,212.006331
-176.584997,634,218.857107
-274.394838,893,220.269839
-211.386548,297,220.422983
-165.760873,111,220.44918
-276.245185,888,221.688511
-186.29042,232,221.782655
-191.751386,1000,223.348889
-173.206284,334,223.576577
-170.36444,225,223.684045
-239.233212,1000,225.194554
-189.949729,243,225.313437
28.598656,245,225.429537
-174.80781,532,225.8124
-8.038197,231,225.917436
-135.711845,1000,227.631249
-108.480757,410,233.883439
-163.090479,1000,235.544533
-103.652518,334,235.761259
-99.047041,134,235.799495
-259.661955,838,237.177413
-85.648522,259,237.290159
-145.684005,424,237.498451
-164.685263,228,237.604432
-248.997188,659,238.654152
-60.304766,265,238.783698
-155.88724,73,238.796553
-121.496898,147,238.845193
-148.803318,1000,240.975231
-191.694364,637,241.701243
-73.118713,356,241.937759
-163.234999,90,247.326896
-113.388551,102,247.354382
-153.323157,85,247.374213
-95.197126,385,247.638156
-147.27196,263,247.77667
-181.641544,692,248.690539
-68.635452,1000,249.86514
-119.597745,432,250.148338
-201.6579,1000,251.730835
-139.378442,397,252.055587
-181.907878,295,252.189287
-154.505756,313,252.33314
-211.746731,126,252.367698
-47.701435,252,252.501571
-61.315532,1000,255.193074
-237.027054,133,260.729164
-138.965085,132,260.763712
-191.499199,305,260.943966
-44.379772,314,261.099486
-302.086044,832,262.361604
-141.155808,398,262.600567
-77.323906,297,262.791529
-148.291973,350,263.06143
-136.986099,203,263.142243
118.159059,669,263.994308
-115.560923,482,264.280107
-175.324589,409,264.587215
-188.827701,571,265.067281
-189.485788,417,265.471272
-156.851923,577,266.09934
-95.815223,281,272.724212
-178.031394,319,272.911385
-69.971459,291,273.051176
-81.653434,346,273.208448
-102.164477,241,273.30731
-100.751389,358,273.583511
-174.685807,372,273.908931
-91.033715,267,274.051129
-232.951635,492,274.441198
-129.755034,1000,276.517978
-194.844625,122,276.547055
-104.060529,376,276.891928
-155.028892,126,276.923082
-174.414314,100,276.943805
-121.962848,414,277.208961
-54.689258,192,282.663133
-195.685143,95,282.681113
-162.837361,1000,284.486442
-1.186701,162,284.537809
-239.976005,476,284.962204
-111.019855,1000,286.983839
-132.696163,224,287.06653
-306.26508,528,287.59912
-129.899429,975,289.670786
-12.637448,1000,291.925963
-128.352478,431,292.338758
-225.170422,599,293.045138
-158.002786,690,293.934966
-82.311138,382,294.174069
-108.523811,207,294.267986
-19.628712,437,300.426262
-166.780427,219,300.506846
-64.307955,317,300.647374
66.666117,808,301.682362
-170.420458,204,301.762174
-123.922885,484,302.260251
-65.224155,1000,303.558798
-52.43099,270,303.684069
-147.532388,357,303.99244
-44.171692,462,304.43982
-196.492436,828,306.23934
-210.321895,682,307.119433
-47.890308,1000,309.358792
-76.811349,1000,311.773195
-178.518124,107,311.795619
-129.961289,328,318.077426
-62.857013,292,318.241724
-200.063314,411,318.519952
-4.708586,1000,321.462404
-157.901131,366,321.720628
-154.712421,258,321.829964
-238.859068,532,322.499411
14.582999,178,322.551566
-79.887573,1000,324.160254
-38.390272,167,324.204866
-69.110255,431,324.574058
-156.124697,246,324.685302
-20.598255,100,324.709438
-195.05153,257,324.856296
-46.123822,456,325.251157
-90.280771,425,331.884443
-110.254909,570,332.723064
-68.625849,1000,335.010158
-243.637078,877,336.391795
125.640927,716,337.702617
-152.136395,258,337.799762
155.667943,537,338.39129
-162.797718,94,338.409823
-45.148962,552,339.227331
-128.810333,588,340.230539
-188.950343,967,341.663633
106.42568,737,342.96634
-237.713421,466,343.394629
-72.734902,572,344.233397
-47.476739,421,344.637785
-97.901492,581,351.242352
-163.153708,630,352.128607
-92.29072,677,353.405491
-124.123458,388,353.700172
-17.705716,425,354.00269
-63.996713,449,354.35992
34.17286,481,354.824462
-48.798463,524,355.286007
-86.250492,414,355.692265
-88.542622,599,356.396235
-92.059329,1000,357.890563
-39.437605,424,358.19176
-54.129906,180,358.247535
-92.429674,590,359.18675
-144.546344,646,360.334278
-104.485917,496,366.43917
-89.277631,72,366.454178
-51.918413,62,366.466099
13.421844,250,366.560823
-92.898994,449,366.957519
-83.934963,577,367.640066
-81.004506,589,368.239535
-122.827312,201,368.293569
-71.105509,224,368.395248
-17.132869,388,368.629899
-59.773948,213,368.704117
-66.404288,564,369.183463
-76.813842,668,370.233879
5.56192,364,370.566964
-147.592684,88,370.583601
-200.92824,171,376.511558
-60.067942,166,376.562147
-34.354762,469,376.919536
-66.217596,655,377.907305
-101.309803,572,378.489654
-22.767417,364,378.723644
-16.738534,215,378.820677
109.323151,806,380.392789
-89.722869,717,381.291787
-1.658284,230,381.370768
-36.184194,384,381.597797
-41.231396,212,381.677211
-66.251306,457,382.022692
-54.099371,579,382.779036
-99.33933,613,383.381747
-130.42826,574,389.73313
-132.569048,616,390.464711
-159.600648,632,391.172342
-42.163439,102,391.197735
-141.041058,187,391.269704
-123.946689,700,392.237818
-213.781404,583,392.777918
-47.625599,430,393.216796
-78.357918,607,394.158787
-118.888606,606,394.82056
-203.279042,991,396.594901
-99.28407,619,397.536878
-176.006669,833,399.087323
-9.24275,108,399.113595
-19.42398,271,399.23144
-123.637949,663,405.659332
-107.572609,1000,407.30242
-147.551389,330,407.526906
-151.880522,880,409.011946
-113.08076,1000,410.716605
-199.865056,976,412.242471
-104.430795,401,412.633798
-88.004345,250,412.720721
-108.983214,1000,414.503666
-90.921837,576,415.168764
-97.722994,620,415.880999
-89.976429,838,416.892407
-119.269134,1000,418.202384
-171.914216,1000,420.611923
-135.824505,329,420.859978
-94.316111,499,427.459314
-59.608011,362,427.727017
-115.093659,599,428.557941
-20.776391,459,429.050107
208.010462,518,429.501066
-33.986999,358,429.715767
-87.746,404,429.924341
-156.363762,604,430.778504
-85.562613,389,431.008945
-31.430056,313,431.229263
-48.799886,504,431.748381
-85.047016,159,431.79824
-80.12497,516,432.421562
-173.419621,476,432.92647
-160.30341,253,433.039625
-139.694134,1000,440.392282
-136.45208,627,440.992164
-142.525621,295,441.200192
-199.836826,697,442.181027
-110.28572,262,442.304605
-100.678466,121,442.337621
-163.789437,621,443.098779
-151.864123,599,443.885636
-68.249428,1000,446.12279
-121.664644,592,446.865621
-55.012281,1000,448.189125
-114.987853,188,448.264941
-242.146781,601,448.929615
-93.654429,709,449.555277
-156.208522,1000,451.878045
-206.654484,111,457.519086
-106.668997,1000,459.057147
-46.526814,1000,460.694308
-178.104436,653,461.478342
-202.788368,1000,462.757262
-182.974616,120,462.787874
-120.239827,740,463.96229
-153.420191,1000,465.707444
-57.108955,1000,467.027408
-48.607703,1000,469.316299
-111.915629,1000,470.50687
-192.532688,866,471.560001
-257.102087,990,473.312376
-218.934577,105,473.337965
-65.327316,1000,474.766863
-225.139951,557,481.490747
-315.262985,869,483.282525
-183.013286,377,483.580256
-154.621995,363,483.838452
-218.631275,570,484.49806
-192.296321,605,485.022622
-249.479386,661,485.964952
-226.621638,936,486.942836
-121.657743,1000,488.2365
-161.462825,252,488.355133
-149.531701,1000,490.96979
-165.84066,497,491.484671
-142.080645,1000,492.68405
-221.032673,507,493.19696
-247.6911,741,494.141906
-61.277191,342,500.489945
-318.824198,892,501.671628
-75.76742,1000,503.18624
-89.580635,1000,505.732189
-130.143055,1000,508.846104
-74.805713,1000,510.454316
-160.236886,1000,512.285424
-94.075516,1000,513.709004
-100.542204,1000,515.027631
-81.560736,1000,516.664475
-117.038232,1000,518.950764
-111.52386,1000,521.549762
-357.597484,999,523.001889
-77.713295,1000,525.371801
-171.924888,604,525.928503
-275.758877,795,533.701774
-129.391648,410,533.979446
-70.130678,1000,536.073817
-102.411973,1000,537.761691
-116.539677,205,537.838759
-133.033281,1000,538.886609
-170.779302,1000,540.466269
-181.140908,1000,542.926067
-164.791139,1000,546.236079
-194.96511,1000,547.329863
-93.750383,1000,549.094715
-305.323203,790,550.218423
-196.960023,1000,552.031864
-63.199799,682,552.812664
-218.399419,499,553.10748
-168.988286,695,560.300527
-126.462582,346,560.47494
-52.87457,1000,561.726365
-131.463226,1000,562.884769
-207.197759,1000,565.106065
-120.610126,1000,567.771393
-93.078046,1000,569.235258
-170.71792,655,570.080881
-153.36232,1000,571.884507
-91.33332,1000,573.657724
-133.77531,1000,576.16088
-122.888038,1000,578.043169
-111.868745,1000,579.651722
-161.451477,1000,581.552567
-107.875012,1000,583.899799
-121.074528,1000,592.905958
56.719235,168,592.95746
-117.089519,1000,594.716018
-171.403629,1000,596.366848
-138.844824,1000,598.419014
2.509483,149,598.458755
-127.739084,213,598.526837
-86.292863,1000,600.771012
-122.305553,1000,602.031843
-195.696454,1000,604.463643
-180.291456,1000,606.160646
-18.664563,168,606.208209
-110.632414,205,606.283052
-119.130331,1000,608.407244
-90.020498,1000,610.984669
-109.720491,379,617.013969
-103.006256,1000,618.492952
-116.603372,1000,620.134177
-109.576872,1000,622.558546
-155.887977,1000,624.11283
-173.386772,1000,625.273834
-70.122134,250,625.391153
-209.634865,1000,627.285318
-161.936423,125,627.31432
-96.631354,223,627.417414
-128.889398,1000,628.974012
-155.010979,1000,630.891859
-161.389306,1000,632.537941
-77.519384,1000,634.187903
-122.384465,1000,637.026883
-23.266596,199,644.353757
-63.689011,511,644.915743
-58.370422,130,644.946598
-74.764138,365,645.283429
-55.485713,1000,646.829039
-91.998236,723,647.54671
-125.992963,1000,649.610344
-65.311624,339,649.788288
-71.301982,522,650.084504
-101.12819,223,650.170655
-186.14326,734,651.1364
-56.337095,122,651.168621
-93.266353,489,651.706678
-68.785943,128,651.736696
-18.81858,470,652.152015
-91.083116,201,657.987603
-108.3111,527,658.308123
-162.670711,482,658.781749
188.519321,617,659.453509
-41.466606,156,659.50055
-93.388431,172,659.562038
-78.542163,1000,661.955379
-140.20637,769,663.194187
-234.529172,860,664.275973
-125.631068,496,664.752496
-134.014769,474,665.177937
-54.19853,223,665.278645
-176.362624,752,666.710633
-94.189713,246,666.840117
-129.143087,376,667.147639
-102.851972,195,673.919417
-96.362616,505,674.464401
-145.273214,1000,675.810781
16.270182,198,675.875651
-61.401514,140,675.912093
-64.517594,156,675.949937
-73.046853,214,676.038159
-134.437871,523,676.456879
-112.226164,620,677.31446
-111.015877,1000,679.476309
-91.20941,447,679.883357
-158.524973,750,680.645971
-134.804644,485,681.084364
-125.221752,1000,683.182462
-92.102344,197,683.263219
-154.27264,518,689.47211
-77.902357,113,689.498569
-21.720907,1000,690.792306
-20.103259,640,691.728299
-65.124445,642,692.422575
0.979104,403,692.749296
-24.970096,157,692.793684
-96.077986,389,693.069174
-115.531979,258,693.20354
-93.13823,1000,695.877186
-36.274984,1000,697.620412
-116.131823,215,697.71151
-76.895453,475,698.143309
-83.271427,130,698.173975
-73.330236,177,698.220849
-162.741302,100,703.831319
-102.29436,784,705.214632
-19.679315,141,705.257946
25.771648,252,705.377772
48.61458,158,705.424399
-105.044743,701,706.072611
-129.758259,289,706.215337
-160.221695,751,706.752187
-55.60953,525,707.437322
-107.433091,1000,709.052315
-55.940628,313,709.240963
-31.719595,186,709.302335
-70.811035,839,710.524746
80.692843,765,711.867268
-30.780956,137,711.901666
-114.839452,881,718.612487
-100.459659,484,719.091036
-128.528589,726,720.153551
-81.924085,1000,721.596122
-167.487955,146,721.632309
-24.209768,517,722.106347
-61.495481,100,722.132104
-59.140761,394,722.403701
-46.950789,243,722.533229
-135.497483,390,722.887847
4.719891,231,722.983485
-78.821081,861,724.292834
-43.814019,197,724.363919
-84.053702,288,724.496528
-36.879293,247,724.612358
-121.096962,440,731.209909
-35.259096,225,731.30188
-85.310134,374,731.59599
-52.790724,247,731.71123
-26.968977,156,731.75937
-147.504178,323,731.905721
-277.530304,101,731.924811
-104.291625,117,731.952197
-146.923904,422,732.413191
-33.288308,209,732.495531
-72.043933,297,732.65631
-236.455489,468,732.976599
-78.39386,132,733.009662
-131.759659,507,733.557549
-203.292657,77,733.571104
-110.369606,407,739.311622
-32.126321,223,739.407689
-89.185063,1000,740.889117
-213.891566,992,741.950408
-172.100538,739,743.095817
-136.419282,980,744.780547
-78.79717,140,744.814514
-93.021458,332,745.09084
-114.301618,543,745.382934
-101.19601,240,745.471645
-85.721719,225,745.563264
-55.785796,227,745.656694
-137.516181,504,746.209325
-103.38426,126,746.23721
-109.415401,356,746.476175
-116.692917,373,752.11537
-128.049335,215,752.199078
-95.044018,378,752.450114
-103.118512,235,752.54333
-88.655483,366,752.737466
-89.768783,240,752.847289
-106.993175,366,753.048217
-96.845862,251,753.171372
-183.667066,525,753.711752
-7.833719,324,753.891114
-87.971476,157,753.941499
-59.015817,360,754.204414
-103.350478,237,754.293744
-66.368792,249,754.430972
-172.985985,907,755.931435
-124.007854,1000,762.815384
-80.017555,403,763.209341
-87.607122,784,764.382993
-58.90596,674,764.972211
-137.796009,585,765.492407
-175.138575,490,766.119746
-32.817259,401,766.349557
-101.359413,213,766.43843
-171.863168,629,767.484457
-66.678504,535,768.162006
-105.946402,447,768.513102
-78.813846,321,768.770009
-156.015362,911,770.197075
-97.674357,500,770.522461
-56.760017,134,770.554025
-136.483225,603,776.864807
-192.768445,983,779.23531
-102.721853,1000,781.10279
-8.082466,314,781.28341
-187.458094,909,783.110587
-123.043425,1000,784.412359
-47.957196,315,784.596069
-33.913087,545,785.402805
-195.623863,971,787.311314
-133.215545,1000,789.580145
-19.726863,270,789.729058
-115.130303,413,790.177021
-86.741666,1000,791.612049
-86.410914,147,791.646629
-155.151844,577,792.539883
-10.544054,214,798.614609
-97.49541,1000,800.230005
-171.904868,518,800.554116
-66.648191,145,800.586276
-77.596449,333,800.813621
-172.840708,623,801.656213
-178.882557,512,802.252942
-165.802254,478,802.688507
-7.421402,280,802.884305
-85.891671,344,803.154861
20.110067,370,803.433654
-16.699608,404,803.686305
-83.88727,438,804.159484
-128.310587,628,804.850604
-39.075492,411,805.176171
-115.34118,1000,813.765832
-93.979102,173,813.811273
-159.799124,1000,815.371375
-69.623606,1000,817.714257
-96.002264,191,817.77099
-124.036763,1000,819.973541
-210.814592,282,820.15611
-74.039629,1000,823.308361
-91.088669,1000,825.260775
-242.902811,803,826.382844
-159.513556,1000,828.707812
-143.640089,1000,831.443454
-58.865588,1000,832.977152
-55.77303,1000,834.114994
-140.610341,1000,837.030554
-211.257209,762,844.651442
-104.624809,1000,846.162716
-93.915988,1000,847.880886
-67.743803,1000,849.817425
-108.140068,190,849.89187
-120.471539,1000,851.369002
-178.167858,734,852.537682
-448.305797,925,853.87947
-42.000012,1000,856.83199
-483.078424,828,858.182114
-108.936464,1000,860.798098
-259.574726,611,861.483707
-219.673192,924,862.690668
-82.222651,1000,865.003606
-117.76513,205,865.072241
-141.247854,1000,872.670328
-202.143448,264,872.777666
-132.824365,1000,875.274934
-93.519574,1000,877.187785
-39.162759,1000,878.940923
-83.010279,1000,880.30805
-254.615374,407,880.581161
-141.925265,1000,882.416149
-102.581114,183,882.471474
-213.013938,689,883.320453
-100.546179,1000,884.511612
-123.704809,1000,886.620499
-170.023316,700,887.731819
-115.424013,1000,889.629941
-83.414715,1000,891.470582
-76.223005,1000,899.234456
-60.638635,1000,900.503928
-244.990277,838,902.227921
-273.487814,624,902.866046
-103.791125,756,904.255261
-273.047648,762,904.986404
-71.911799,1000,907.095914
-147.201086,295,907.254435
-321.636189,888,908.56907
-190.197065,677,909.615538
-159.582704,635,910.339734
-319.751047,917,912.005396
-127.912048,310,912.169811
-146.480394,360,912.414594
-192.980241,635,913.171557
-148.135652,726,920.904675
-66.83256,623,921.693384
-118.848759,454,922.073455
-72.870055,398,922.460815
-140.494013,744,923.401862
-170.080926,1000,924.482864
-68.630723,1000,926.298733
-359.575015,979,928.115827
-55.398301,538,928.652597
-86.906384,1000,930.716659
-84.135869,573,931.393772
-141.572405,1000,933.074913
-128.007313,1000,935.3135
-181.795958,453,935.560402
-139.907286,491,936.110746
-15.945274,500,942.195545
-105.75287,889,943.750461
-168.953516,744,944.691893
-257.049597,553,945.580952
-284.175755,613,946.638801
-154.271398,663,947.662578
-317.801781,956,949.440685
-116.506191,1000,951.664992
-303.047181,721,952.840008
-67.783498,540,953.51528
148.988352,713,954.343239
-71.524531,1000,956.319282
-103.953273,570,957.114563
-125.993938,673,958.05421
-79.645083,1000,959.749739
-73.565591,1000,967.368279
-112.964256,1000,969.34996
-193.701718,865,970.987711
-221.264198,440,971.301998
-401.150052,747,972.119249
-441.513984,997,973.851054
-268.122454,858,975.11153
-111.743316,1000,976.634994
-43.572814,1000,978.0641
-131.775933,1000,979.257258
-219.888362,738,980.137597
-133.498166,1000,981.635568
-138.400204,1000,983.943875
-84.742575,1000,985.450952
-145.195104,859,986.743087
-223.167223,551,994.60331
-147.200035,1000,996.108624
-102.630793,1000,998.213111
-110.724627,1000,1000.135222
-85.952634,1000,1001.940102
-140.495931,1000,1004.347437
-236.917112,409,1004.662181
-76.037656,1000,1006.901753
-70.583067,1000,1008.420432
-39.611354,1000,1010.49713
-203.323637,209,1010.588032
-103.628257,1000,1012.442307
-29.57817,1000,1014.490079
-120.183947,1000,1017.166966
-236.478493,398,1017.463712
-70.095431,1000,1025.822084
-94.001052,1000,1028.297503
-183.324742,1000,1030.084049
-195.407317,400,1030.312562
-188.136127,1000,1031.465474
-75.700292,1000,1033.471165
-166.032053,1000,1034.620677
44.341163,1000,1036.068217
-326.439147,376,1036.279916
-205.548773,553,1036.806985
-253.13475,415,1037.177681
-177.099155,1000,1038.467508
-385.44648,868,1039.439821
-185.541752,303,1039.610811
-108.445637,1000,1041.067994
-131.459867,1000,1049.059562
-25.301425,1000,1050.624539
-130.233499,1000,1051.941006
-162.614934,1000,1053.377167
-32.865522,1000,1055.001211
-162.653764,387,1055.328345
-205.575213,420,1055.679746
-92.055012,1000,1056.983702
-61.125951,1000,1058.745593
-220.478584,1000,1060.677753
-175.50985,432,1060.967389
-121.667052,1000,1062.164834
-87.331583,1000,1063.605832
-63.376636,1000,1064.836483
-124.9023,1000,1067.274321
-166.798028,1000,1075.760053
-290.66078,513,1076.178979
-142.170845,152,1076.222172
-165.209676,1000,1077.613492
-226.968633,450,1077.832201
-91.81899,846,1079.333798
-149.095515,1000,1081.165943
-130.423852,1000,1082.959712
-33.470472,1000,1085.175834
-61.206141,1000,1087.448346
-160.163361,256,1087.538242
-56.853043,1000,1089.453775
-114.804385,1000,1091.330128
-5.50989,1000,1093.335158
-147.675328,1000,1095.963288
-120.169798,1000,1103.010429
-70.514069,1000,1104.719057
-81.349302,1000,1105.885456
-158.396016,192,1105.953046
-68.437353,1000,1108.821498
-18.899038,1000,1110.928413
-73.726881,1000,1112.965957
-182.287891,1000,1115.189683
-166.605034,1000,1116.736489
-79.076223,1000,1118.093327
-89.261043,1000,1120.153888
-94.888047,1000,1121.472908
-121.539374,1000,1124.164144
-120.094924,1000,1125.432543
-144.036706,1000,1126.61389
-37.031683,1000,1135.350213
-98.092589,1000,1137.084613
-165.898944,183,1137.150552
-66.663351,1000,1139.5855
-86.660257,1000,1141.223127
-201.403904,180,1141.278817
-100.040673,1000,1143.57729
-186.830685,191,1143.655918
-45.904108,146,1143.70636
-81.253787,1000,1145.726264
-172.556233,111,1145.756216
-46.17867,1000,1147.492099
-40.273391,1000,1149.0991
-94.716731,1000,1151.684639
-101.192365,1000,1154.780991
-26.555022,1000,1164.773258
-82.98594,1000,1166.68438
-22.325448,1000,1168.138749
-146.417952,173,1168.190865
-29.987625,1000,1169.861014
-54.09136,1000,1171.966054
-61.281196,1000,1173.990842
-86.653232,1000,1175.622387
-100.267338,1000,1177.324486
-29.219878,1000,1179.710538
-23.85804,1000,1181.342781
-16.639745,1000,1183.866417
-110.408115,1000,1185.226625
-104.237685,1000,1187.478729
-92.143694,1000,1188.743752
-29.919191,1000,1198.225352
-34.459503,1000,1200.426516
-65.754886,1000,1201.744575
-152.512091,359,1201.948581
-56.82061,1000,1204.565377
-39.679408,1000,1206.550054
-56.429071,1000,1208.605355
-192.142843,179,1208.652265
-77.370027,1000,1210.387299
-79.566282,1000,1211.67708
-35.908139,1000,1213.631176
-116.706546,1000,1215.207597
-62.105224,1000,1217.802207
-43.83759,1000,1219.399014
-53.810948,1000,1221.711757
-203.042975,402,1228.019809
-57.289424,1000,1229.865453
-42.442102,1000,1231.692758
-74.83878,1000,1233.700238
-60.606882,1000,1235.02639
-66.101126,1000,1236.672378
-113.060299,1000,1238.951619
-58.570318,1000,1240.920758
-115.29997,1000,1242.551339
-52.973034,1000,1243.916503
-67.094433,261,1244.064149
-87.044656,1000,1245.944383
-94.203989,1000,1247.442188
-95.28455,1000,1249.253697
-56.787814,1000,1251.031258
-106.936399,1000,1259.05431
-94.56625,1000,1260.614228
-111.888105,1000,1262.095751
-120.873847,1000,1264.49816
-37.932283,1000,1266.692443
-91.69424,1000,1268.686688
-59.549617,1000,1270.433863
-92.01821,1000,1273.011414
-164.572236,1000,1275.748381
-69.667712,1000,1276.886761
-95.125561,1000,1278.413034
-113.502029,1000,1280.202187
-64.524739,1000,1281.846444
-118.556283,1000,1284.032846
-74.74171,1000,1286.544878
-76.917029,1000,1295.576383
-141.447525,825,1297.491401
-60.718991,1000,1299.668317
-119.616718,1000,1301.243707
-60.94728,1000,1302.713751
-60.885631,1000,1304.975306
133.43165,715,1305.939881
-86.146462,1000,1308.579569
-106.498091,1000,1310.248556
-142.004635,1000,1311.659634
-59.100243,1000,1313.648547
9.186861,179,1313.705237
-128.755904,1000,1315.096445
-5.354508,1000,1316.188286
-51.802208,1000,1317.881188
94.423487,948,1326.007979
-51.88787,142,1326.048426
-105.565542,1000,1327.576543
-5.897061,1000,1329.244267
-73.281961,1000,1330.628071
-46.418293,1000,1333.063765
-66.993498,1000,1334.624202
-69.866781,1000,1337.079833
-98.153568,1000,1339.41055
-39.03641,1000,1341.080278
-50.908267,1000,1343.160426
-78.465767,1000,1345.536328
-121.86069,1000,1348.102352
-138.9361,1000,1349.5355
0.009123,1000,1351.195935
-88.62723,1000,1359.228266
-103.351306,1000,1360.512522
-182.552163,462,1361.011153
-66.17812,1000,1363.760955
-35.532099,1000,1365.890353
-111.39389,1000,1367.96254
-91.77975,1000,1369.878125
-116.712606,356,1370.219959
-28.599313,1000,1371.561661
-61.221298,1000,1373.772829
-131.529062,1000,1375.421092
-138.097977,1000,1377.225378
-79.099696,1000,1378.959637
-27.544942,1000,1380.567751
-17.070615,1000,1381.934344
-171.349839,1000,1390.235333
-149.197078,1000,1391.988096
-136.963647,1000,1393.804407
-55.91987,1000,1395.796164
-48.767333,1000,1397.460109
-96.636465,1000,1399.999209
-130.569429,1000,1401.936379
-102.871299,1000,1403.847397
-74.044483,1000,1406.449517
-66.283352,1000,1408.081744
-175.95792,1000,1409.761726
-164.659661,1000,1411.005103
-145.050914,315,1411.208688
-112.122468,1000,1413.01794
-149.465664,1000,1415.125952
-33.51604,1000,1422.567055
-88.774136,1000,1424.509479
-57.486972,1000,1426.640116
112.308775,573,1427.105029
-103.415668,1000,1428.636315
-82.525626,1000,1430.771475
-115.110592,1000,1432.610431
-156.661421,1000,1434.648259
-59.954175,1000,1436.620668
-75.298467,1000,1438.673439
-127.895887,1000,1439.886462
-112.957594,1000,1442.150081
-125.921441,1000,1443.386318
-88.184066,1000,1444.564759
-30.660794,1000,1447.043222
-62.762,1000,1456.141298
-116.766794,1000,1458.494778
-116.182692,1000,1460.131173
-34.842351,1000,1462.456114
-54.187732,1000,1463.651453
-61.250383,1000,1464.99904
-82.418355,1000,1467.539329
-166.698661,1000,1469.802723
-73.868305,1000,1471.872181
-45.641963,1000,1473.041885
-32.796351,1000,1475.116656
-106.919688,1000,1476.734851
-158.853335,1000,1478.44634
-111.541982,1000,1479.64728
-63.273725,1000,1481.662154
-65.972085,1000,1490.839687
-143.759926,1000,1492.082749
-82.806075,1000,1494.447054
-81.60618,1000,1496.757556
-38.038134,1000,1499.107358
-60.614459,1000,1501.176895
-97.242495,1000,1503.431064
-51.336578,287,1503.562365
-38.309287,1000,1504.642848
-25.297392,1000,1506.083856
-55.528666,1000,1507.716171
-133.44278,1000,1509.81505
-131.669208,1000,1512.02443
-98.710073,1000,1513.373873
-49.220002,1000,1515.319896
-105.354176,1000,1522.725464
-153.355613,1000,1525.581509
-144.77088,1000,1527.717228
-84.036193,1000,1530.059162
-78.315046,1000,1531.967551
-81.663163,1000,1533.524114
-177.714001,1000,1534.882271
-135.937721,1000,1537.59118
-135.437997,1000,1540.387237
-58.644122,1000,1542.933506
-105.928068,1000,1544.504617
-133.757748,1000,1546.230704
-162.974721,1000,1547.872692
-114.475834,1000,1549.81677
-50.919097,1000,1551.418716
-113.181712,1000,1560.034893
-137.254206,1000,1561.907137
-101.950732,1000,1563.44723
-65.478925,1000,1565.954782
-85.751507,1000,1568.43266
-83.378241,1000,1570.482455
-118.521933,1000,1572.116266
-99.178654,1000,1574.3637
-118.478219,1000,1576.179603
-96.606312,1000,1578.25224
-83.909585,1000,1580.034994
-104.157837,1000,1581.530168
-145.469417,1000,1583.231627
-127.259138,1000,1584.733758
-87.875386,1000,1587.818661
-156.936105,1000,1596.085471
-137.877617,1000,1597.837464
-140.85337,308,1598.033342
-97.895914,1000,1599.888992
-130.502293,1000,1601.424732
-122.264188,1000,1603.309357
-116.108211,1000,1604.542131
-74.664454,1000,1606.150134
-43.077782,1000,1607.760667
-65.768821,1000,1609.381543
-103.735797,1000,1610.695883
-84.494215,1000,1612.359637
-61.575871,1000,1614.386311
-96.519156,1000,1615.612539
-37.391154,1000,1616.905137
-102.953819,1000,1625.20532
-73.679823,1000,1626.536893
-106.879425,1000,1627.883216
-73.48449,1000,1629.684368
-72.083409,1000,1631.359504
-127.961972,1000,1632.990831
-71.323375,1000,1634.723229
-136.212751,1000,1637.077975
-120.447948,1000,1638.445824
-109.910478,1000,1640.019366
-107.996964,1000,1642.080695
-109.001899,1000,1643.36881
-123.889241,1000,1646.05968
-88.552043,1000,1647.397459
-124.805153,1000,1649.544704
-126.877638,1000,1657.518805
-127.814303,1000,1658.520075
-143.927549,1000,1659.776028
-93.603479,1000,1661.320642
-51.818394,1000,1663.415473
-70.770804,1000,1664.932619
-45.823168,1000,1666.251783
-125.339319,1000,1667.479752
-85.78214,1000,1669.490825
-93.266324,1000,1671.998705
-93.736203,1000,1673.55368
-67.116993,1000,1675.842288
-109.830571,1000,1677.176558
-102.827473,1000,1679.055791
-92.320978,1000,1681.33431
-70.159344,1000,1689.500074
170.277275,378,1689.747192
-104.735232,1000,1691.824832
-101.291265,1000,1694.053829
-155.304477,1000,1695.557872
-156.594345,1000,1697.53993
-200.838256,414,1697.75862
-102.236429,1000,1700.057406
-60.801063,1000,1702.753549
-119.548546,1000,1704.700394
-106.399302,1000,1705.901452
-123.773167,1000,1708.239769
-102.06288,1000,1710.179031
-81.847648,1000,1711.329411
-82.958687,1000,1713.02484
-139.068136,1000,1721.412656
-181.76444,1000,1723.085195
-116.173159,1000,1724.563872
-335.110033,646,1725.515986
-101.691381,1000,1727.297705
-100.692023,1000,1729.517844
-151.974777,1000,1730.808517
-146.097512,1000,1733.16527
-167.666037,1000,1734.21898
-93.539512,1000,1736.11129
-97.207759,1000,1737.694206
-90.574972,1000,1739.02027
-205.502297,714,1739.767037
-79.876931,1000,1741.282236
-103.215408,1000,1743.273301
-123.19325,400,1749.637572
-158.292706,1000,1751.597306
-104.999526,1000,1753.082204
-121.328756,1000,1755.857329
-183.013234,1000,1757.698704
-109.896801,1000,1759.405722
-288.106073,948,1760.51743
-69.567456,1000,1761.975739
-87.914212,1000,1763.690175
-182.02202,1000,1764.673251
-171.571547,1000,1765.9137
-92.940669,1000,1768.283325
-74.41901,1000,1769.741079
-80.796427,1000,1771.941259
-94.448411,1000,1773.830839
-4.338657,280,1780.220159
-148.771053,1000,1781.260716
-94.50736,508,1781.679369
-146.000573,1000,1783.112632
-166.374475,1000,1785.202799
-163.820568,1000,1786.650893
-82.621208,1000,1788.833845
-273.178588,806,1790.199708
-211.274008,1000,1792.146956
-95.287541,1000,1793.504489
-159.136933,1000,1795.256102
-245.656683,607,1796.117158
-236.919639,1000,1797.238499
-152.329312,1000,1798.348631
-279.88276,769,1799.09621
-239.583461,643,1806.397242
-221.028087,573,1807.054401
-121.350482,1000,1808.577037
-144.967046,1000,1809.969476
-285.081501,779,1810.667021
-47.147157,1000,1812.741318
-88.209643,1000,1814.555787
-97.289834,1000,1816.786668
-241.905865,1000,1818.560412
-153.274055,1000,1820.543993
-86.071563,1000,1821.697461
-187.778505,815,1822.945478
-346.096971,819,1823.882627
-102.18278,1000,1825.709457
-149.1285,621,1826.464576
-93.537484,1000,1835.556714
-167.376459,1000,1837.214047
-133.222794,780,1838.573837
-113.014453,1000,1840.807755
-205.281454,660,1841.581868
-242.147904,566,1842.163279
-297.855217,793,1842.905814
-11.546684,431,1843.255421
-103.414932,1000,1845.103824
-137.449652,1000,1847.321053
-276.982668,641,1847.918315
-149.544729,585,1848.529381
-170.123031,1000,1850.604946
-114.182557,1000,1852.30183
-52.310713,1000,1853.801905
-151.538013,762,1861.333608
-134.739911,1000,1863.161266
-25.739235,1000,1865.671896
-39.303618,1000,1867.816109
-300.781468,822,1868.785626
-388.874172,760,1869.458335
-229.102656,814,1870.444012
-224.954074,610,1870.855064
-238.796575,1000,1872.896425
-186.989783,1000,1874.630931
97.344631,683,1875.704558
-185.16783,1000,1878.659898
-65.372756,1000,1880.740497
-44.796076,1000,1882.375496
-232.855453,679,1882.981745
-78.882038,1000,1890.610636
-287.942848,731,1891.668316
-267.290544,713,1892.392929
-311.607165,909,1893.851881
-236.349598,646,1894.391868
-203.530635,1000,1895.513481
-288.231088,690,1896.070541
-144.937233,1000,1897.858231
-387.267394,593,1898.34791
-89.750395,1000,1901.117035
-300.573662,755,1901.872828
-161.295847,1000,1903.89547
-127.078301,1000,1906.231673
-136.701686,239,1906.318608
-237.671965,1000,1908.402647
-386.794591,696,1915.939669
-41.705866,344,1916.122938
-110.881678,367,1916.344903
-170.156791,364,1916.581685
-127.211018,195,1916.646043
-168.347032,1000,1918.203329
-77.903946,1000,1919.877529
-131.840021,751,1920.633508
-258.579934,457,1920.895712
-297.342955,574,1921.578027
-159.702845,419,1922.009343
-133.978509,931,1924.261217
-130.068373,330,1924.473906
-110.21054,1000,1925.601364
-181.045105,992,1926.909864
-234.717444,425,1932.797401
-132.722114,1000,1934.477359
-290.595351,536,1935.014629
-151.162937,1000,1936.711977
-145.603612,233,1936.802882
-290.420275,873,1937.942647
-255.753223,583,1938.44355
-114.838223,594,1939.147665
-385.926474,539,1939.617471
-280.526229,627,1940.244228
-105.913801,1000,1941.389443
-141.766312,1000,1943.142073
-84.531413,1000,1945.214492
-218.278833,428,1945.596806
-340.03024,962,1946.883843
96.135527,862,1954.476073
-255.703191,566,1955.321735
-95.103824,1000,1956.956323
-262.850927,633,1957.79307
-95.649237,1000,1959.971448
-106.324388,1000,1962.438364
-160.813403,249,1962.55391
-287.418622,498,1962.991014
-272.94701,567,1963.72256
-236.272924,484,1964.115482
-336.958766,542,1964.595801
-138.741198,1000,1966.965134
-176.016379,287,1967.129508
-196.317381,499,1967.562751
-230.641097,558,1968.104141
121.567164,619,2113.277714
-296.646885,652,2114.130208
-270.219491,439,2114.41209
-218.181804,437,2114.705864
-248.290104,739,2115.792683
-112.695961,823,2116.630411
-200.410608,396,2116.917038
-90.459377,1000,2118.100324
-375.254306,927,2119.018856
-52.334788,1000,2120.486496
-252.381729,565,2121.094235
-195.999027,304,2121.274857
-214.893745,468,2121.718078
-112.723697,225,2121.805175
-172.903542,961,2123.315381
-304.286885,937,2130.927378
-182.975918,1000,2133.034126
-274.229132,566,2133.530473
-199.583347,405,2133.866577
-267.226427,908,2135.247683
115.953351,651,2136.071307
-208.964771,1000,2137.342164
-240.668591,573,2137.790968
-98.625117,1000,2139.853842
-131.691637,1000,2141.21718
-281.570539,772,2142.34811
-149.976292,547,2142.885518
-140.40738,820,2144.165931
-206.35417,409,2144.400256
-59.813282,1000,2145.792002
-290.545547,858,2153.859813
-123.221248,1000,2155.912417
-62.552777,1000,2157.344537
-286.352039,778,2158.260909
-107.98573,1000,2159.929623
-95.258032,1000,2162.014316
-74.28478,1000,2164.784854
-213.482836,946,2166.521269
-67.921189,1000,2167.689707
-127.797766,516,2168.003703
-202.019715,536,2168.587403
-101.830174,1000,2169.881232
-59.850412,1000,2171.307577
-109.880766,1000,2172.365922
-224.417834,816,2173.672661
-105.254357,380,2179.85108
-138.190955,248,2179.958596
-162.102222,472,2180.371714
-95.127035,1000,2182.048751
-122.981194,1000,2183.864805
-326.050938,935,2185.132024
-102.239784,372,2185.450505
-56.738951,1000,2187.137328
-276.922969,758,2188.243118
-79.709536,1000,2190.612519
-90.632303,1000,2192.309803
-107.729017,1000,2194.511239
-288.100492,846,2195.713519
96.445257,853,2197.170159
-108.296311,1000,2198.5588
-277.404559,809,2205.332849
-19.72147,1000,2206.771905
-85.296872,1000,2208.018948
-212.628254,264,2208.136731
-88.230756,1000,2210.078708
-25.984877,1000,2211.715236
-291.960913,766,2212.871168
-54.054166,1000,2214.230371
-256.064989,611,2214.843317
-48.185345,1000,2216.785552
-97.792352,1000,2219.006701
-56.364716,1000,2220.336498
-355.51038,920,2221.380694
-181.821054,467,2221.682107
-218.27172,599,2222.061531
-59.216026,1000,2229.656653
-69.671149,1000,2231.081718
-54.696783,1000,2232.433202
-100.829802,1000,2233.687176
-154.690827,1000,2235.140946
-79.32328,1000,2236.692374
-89.277066,1000,2238.006887
-46.231978,1000,2239.672711
-79.814744,1000,2241.315369
-150.946747,336,2241.545282
-86.72702,1000,2242.966509
-72.421676,1000,2245.837739
-144.894288,1000,2247.168613
-119.956916,1000,2249.068698
-118.595175,1000,2250.890281
-109.174581,1000,2258.84363
202.573602,549,2259.456563
-114.127608,1000,2261.122967
-67.350447,1000,2263.439454
-40.609837,1000,2265.032522
-111.685774,1000,2267.047431
-96.363595,1000,2268.275976
-153.998596,1000,2269.923079
-59.917773,1000,2271.576475
-35.430956,1000,2272.613847
-38.02783,1000,2274.641665
-94.402298,1000,2275.800455
31.400143,349,2275.937518
-40.222083,1000,2278.352252
-82.440475,1000,2279.70324
-160.945559,1000,2287.582481
-42.526562,1000,2289.763448
-171.486131,909,2291.396322
159.885217,814,2292.432445
-66.076874,1000,2294.052348
-86.474394,268,2294.168521
-118.085716,472,2294.458847
-48.357131,1000,2295.841249
-72.854446,1000,2297.68157
-178.552369,1000,2299.257439
-106.594787,1000,2300.42674
-108.825578,1000,2301.609903
-84.656581,1000,2303.557826
-69.328444,1000,2306.051492
-139.174517,1000,2307.956623
