#{"t_start": 1697674191.667181, "env_id": "LunarLander-v2"}
r,l,t
-514.184729,233,2.494439
-500.402681,185,2.54825
-578.530331,357,2.778069
-523.942669,383,3.022816
-236.811917,81,3.035243
-444.502434,185,3.090533
-528.138443,335,3.295955
-590.070148,247,3.392185
-534.466541,354,3.609921
-597.472249,244,3.711393
-586.172169,343,3.896798
-411.119237,120,3.924945
-284.534149,104,3.94403
-526.26911,278,4.081739
-511.753032,279,4.226466
-136.914372,1000,8.311028
-141.57924,1000,9.625072
-256.820908,1000,11.627102
-199.901026,1000,13.287591
-200.147074,1000,14.868623
-177.367381,1000,16.297917
-206.404311,1000,17.956722
-192.502557,1000,19.486733
-213.537388,1000,21.151734
-195.365146,1000,22.7751
-209.364909,1000,25.209848
-126.681143,1000,27.294807
-166.612794,1000,28.913806
-236.23562,1000,29.96598
-213.74199,1000,32.179319
-139.88431,1000,35.40915
-156.087539,1000,37.044284
-195.056864,1000,38.137288
-233.648498,1000,39.652762
-176.91776,1000,40.665479
-131.73161,1000,42.000633
-150.310067,1000,43.538731
-215.800113,1000,44.992321
-194.158297,1000,46.051236
-229.391453,1000,47.915562
-158.758916,1000,49.078851
-209.675007,1000,50.349478
-150.877099,1000,52.085463
-212.310478,1000,53.281983
-214.456962,1000,54.202903
-312.398925,87,61.312536
-152.14054,123,61.340777
-219.28761,210,61.412291
-163.288476,167,61.46323
-488.086498,78,61.47914
155.510296,299,61.621501
-350.089566,151,61.661993
-113.133604,197,61.721798
-369.944032,73,61.738397
-314.906434,98,61.762006
-427.029933,99,61.781623
-295.209101,144,61.817098
-260.125716,207,61.895578
-318.36785,70,61.910701
-177.257731,226,61.993669
-76.506401,154,65.237603
-115.970876,186,65.306061
-122.128454,195,65.367683
-107.474125,184,65.423862
-130.764192,168,65.472511
-115.934418,198,65.533817
-126.505638,193,65.593232
-190.035495,194,65.66086
-127.74162,99,65.684799
-68.020458,216,65.769389
-221.233832,202,65.840951
-139.873738,99,65.863463
-146.525523,154,65.903333
-72.151607,110,65.928937
-136.985951,147,65.968097
-78.114882,346,69.138672
-167.954844,516,69.692545
-85.369384,349,69.910316
-246.141578,388,70.139062
-249.525679,587,70.947299
-147.328229,561,71.616244
-91.03985,134,71.644503
-117.28961,344,71.873826
-185.55639,463,72.193498
-152.532296,512,72.610775
-195.795575,488,72.943147
-209.747048,567,73.508562
-197.362787,422,73.862603
-284.727473,691,74.901746
-206.119727,491,75.233862
-110.978592,247,78.307134
-135.5957,260,78.423711
-103.250729,73,78.436584
-147.148292,302,78.579955
-205.761639,325,78.762755
-183.996269,232,78.849188
174.431907,450,79.195433
-144.712835,305,79.349332
-138.489382,240,79.430777
-71.683918,441,79.790031
-143.529427,68,79.801044
-241.104085,283,79.908799
-70.184667,353,80.125785
-133.248749,215,80.204933
-88.367659,142,80.234135
-44.933319,280,83.801369
-86.206027,278,83.933122
-113.126153,341,84.124553
-106.404751,266,84.252662
-100.042312,179,84.304773
193.486748,310,84.507806
-165.57305,374,84.793786
-67.870867,232,84.887514
-99.939619,214,84.954006
-70.524506,398,85.237382
-134.652836,100,85.254918
-171.095227,291,85.379003
-142.775345,231,85.457614
-125.683385,86,85.473389
107.167549,640,86.381621
-146.151261,358,89.341215
-190.230812,288,89.458245
-232.103011,416,89.69982
-218.241509,322,89.879252
-213.242774,420,90.106319
-182.863176,564,90.545894
-111.747809,483,90.892732
-172.304866,346,91.072231
-332.279423,362,91.29809
112.339977,966,93.050912
-141.494292,115,93.078088
-265.780785,383,93.291705
-207.608301,248,93.399554
-318.819709,600,93.958292
-330.498925,785,94.716865
-41.843181,341,98.039837
-60.010347,271,98.164823
-66.684862,252,98.258269
-86.197351,185,98.307135
-113.37687,398,98.575928
-144.988892,126,98.600682
-114.760786,257,98.702421
-78.237444,193,98.758347
-97.488558,264,98.883147
17.565827,268,98.991828
-83.915015,336,99.197564
-205.268827,117,99.223444
-102.45258,231,99.299826
-129.248431,189,99.373365
-106.154596,161,99.413067
227.323886,482,103.739267
-191.585162,74,103.753003
-388.435959,532,104.303411
-1.183027,160,104.346958
-144.096454,166,104.39177
-101.667432,254,104.502308
-206.914025,111,104.528795
-133.053047,204,104.596386
-158.840245,133,104.626606
277.289314,432,104.912728
-28.872449,127,104.941219
-139.040768,70,104.952513
-195.621566,211,105.033094
-26.317571,84,105.050194
-187.211227,96,105.069574
167.190419,405,108.208172
-113.287456,152,108.246592
-25.460824,123,108.271473
-92.277047,322,108.43342
-119.686329,346,108.653948
-127.079572,173,108.696424
-161.591605,103,108.719096
-8.638478,119,108.745363
-264.176719,127,108.774976
-168.82034,82,108.791814
-116.339554,187,108.848077
-156.955073,59,108.856756
-208.137992,186,108.914261
-162.983429,131,108.943166
-189.367467,106,108.963016
-264.456808,76,112.201077
-171.931147,365,112.48561
-247.241509,88,112.502624
-168.352959,321,112.685414
-316.718211,156,112.726501
-109.216114,87,112.744717
-209.349195,159,112.788388
-52.989968,84,112.804163
-77.734834,87,112.821328
-113.573125,122,112.845507
-51.667881,96,112.865019
-151.956464,133,112.896253
-222.363834,104,112.921816
-59.577664,116,112.944939
-75.398805,128,112.977416
-190.822909,164,115.922287
-220.724925,85,115.937175
-89.48918,245,116.043664
-292.352648,128,116.074439
-113.098578,155,116.106982
-182.945006,82,116.123489
-74.968628,135,116.157075
-51.269053,188,116.221747
-120.837962,217,116.301825
-6.109051,195,116.356214
-49.574105,169,116.396708
-206.890686,261,116.480592
-129.687225,143,116.51785
-287.789745,83,116.534441
-123.78745,121,116.557866
-186.755139,430,120.031527
-80.440377,263,120.126213
-203.046979,218,120.179894
-202.409589,183,120.244341
-80.50468,363,120.491067
-131.051117,238,120.583257
-60.123981,101,120.603513
-116.13657,287,120.7823
-74.497699,254,120.891947
-147.317377,369,121.170141
-135.90158,394,121.437998
-99.04016,186,121.502077
-181.764153,94,121.518598
-33.670828,297,121.685145
-122.945926,301,121.838049
-90.144558,365,125.372707
-184.736018,168,125.421668
-148.321138,168,125.476844
224.395222,465,125.774457
-179.591288,103,125.793942
-26.443932,100,125.814935
-163.660067,719,126.330757
-38.573498,105,126.354022
-63.872454,155,126.396818
-117.231226,121,126.425803
-202.242562,147,126.466233
170.844099,267,126.602254
115.07716,854,127.861934
-78.176517,106,127.884383
-123.950436,100,127.905406
-147.511437,387,131.33958
-84.107248,176,131.396956
-102.016873,1000,133.596768
-127.280928,624,134.183868
-86.986742,74,134.200977
-131.843115,1000,135.444413
-262.879802,216,135.530516
-69.053269,376,135.812939
-68.003554,198,135.886461
-236.112626,91,135.903609
-177.291248,343,136.115765
-73.879938,183,136.173198
-220.438069,454,136.580215
-120.867782,152,136.619557
-220.674342,108,136.642731
-62.107412,148,139.808288
-183.392152,99,139.827484
-153.381173,706,140.524274
-132.66357,301,140.70266
-116.883679,302,140.882923
35.202544,978,142.566027
-61.644469,209,142.632837
-138.213867,344,142.824616
-97.703048,504,143.259983
-180.351901,97,143.277625
-238.916413,155,143.312686
-188.43008,89,143.331772
-75.985895,456,143.564899
184.911748,371,143.884877
-152.418564,92,143.902786
-190.263847,283,147.034933
-157.535631,251,147.148217
-161.399848,404,147.373346
-212.38383,83,147.39073
-157.136544,240,147.507137
-241.090827,131,147.537409
-126.451345,361,147.744401
-196.270311,224,147.829845
-138.121727,156,147.866128
-169.706524,91,147.88183
158.815606,478,148.299808
-132.633688,328,148.490856
-155.305132,297,148.620087
-218.431025,86,148.635503
-107.699144,199,148.713196
-154.913243,351,572.568499
-111.579644,244,572.655749
-98.11057,376,572.928922
-150.730112,316,573.119906
-177.264568,299,573.274046
-126.716214,366,573.46111
-116.467079,291,573.574394
-114.904214,286,573.738225
-46.834539,335,573.894986
-37.636143,106,573.915622
-168.465489,266,574.015166
-87.887472,352,574.161447
34.53067,93,574.177711
-67.546306,104,574.199867
-126.936194,444,574.586888
139.198037,855,579.02892
-116.091024,120,579.051274
-358.837645,553,579.499068
260.280923,512,579.83368
-234.759268,627,580.432448
-80.257352,341,580.657983
-44.555404,1000,582.689112
-59.746092,512,583.211595
174.000279,527,583.596449
-210.829067,1000,584.654792
-222.186069,203,584.727612
-118.078388,330,584.934052
-189.932256,1000,586.091487
-161.012433,145,586.126682
-75.374378,233,586.218701
81.316151,817,691.465292
-148.744542,758,692.343585
-115.023263,681,692.980685
-90.047044,101,693.000609
-85.95664,1000,693.785912
-52.743711,1000,695.124818
15.11353,88,695.141283
-31.578529,75,695.15484
191.171563,326,695.315133
-179.514228,894,696.544634
-156.281008,112,696.56958
-42.405748,421,696.934261
-176.407957,151,696.978464
-103.41159,108,696.999978
-137.451697,757,697.797879
-230.472245,100,703.594017
159.844594,767,704.199775
-59.193585,89,704.218481
11.230397,96,704.237894
-128.418795,120,704.262809
-86.477272,1000,705.408934
-23.016883,70,705.421091
-274.665104,946,789.352797
-88.427789,1000,791.639296
-158.26098,293,791.804177
5.29971,75,791.816849
-59.81406,104,791.836457
-171.837379,327,791.973064
-41.141368,108,791.998306
-106.929078,393,792.255952
-22.557666,320,794.372298
-6.073456,94,794.390751
14.989176,123,794.415863
1.904965,156,794.460422
-148.982432,251,794.538389
284.843782,268,794.628386
-64.589808,306,794.811538
-232.366877,834,795.537984
-122.991848,1000,911.389787
165.071668,383,911.681057
-105.077869,671,912.652058
-192.791178,220,912.730327
-18.224916,90,912.74719
-228.403112,323,912.892846
-158.864656,249,912.977778
-7.467406,104,918.054105
-66.553088,304,918.217799
-306.04727,107,918.237932
-162.378669,417,918.500875
-170.944718,486,918.94228
-161.858502,312,919.119966
-122.925706,101,919.139259
-127.111297,298,919.270304
-163.074997,498,919.658324
-66.566156,226,919.735298
96.505986,512,920.136301
185.202075,557,920.601733
-113.102333,340,920.785421
-77.463908,400,921.19361
-109.940334,793,921.96844
-216.840924,483,1034.062345
-111.036143,117,1034.085155
-56.568948,159,1034.127826
-106.872862,136,1034.161496
-195.511327,170,1034.21216
-53.37006,260,1034.362416
120.265854,746,1035.258868
-108.738972,176,1035.305786
-231.976691,190,1035.363487
-114.99523,576,1036.099398
-60.698292,504,1036.548733
22.575195,85,1036.56506
-119.290419,379,1036.824134
-89.856288,117,1036.85095
221.556636,234,1036.926854
-104.214137,404,1038.34389
33.432862,1000,1040.024374
-20.44988,1000,1041.30945
163.845404,815,1042.356726
5.818503,110,1042.378454
-245.255336,549,1042.828748
-169.427785,174,1042.877868
-58.55119,422,1043.25927
-203.585574,820,1044.060311
-238.012633,183,1044.109273
-100.084072,340,1044.273374
-131.923978,380,1044.415967
124.625115,376,1044.665804
-146.394738,351,1044.836909
2.777792,131,1044.864728
-184.174316,465,1138.511662
-20.55534,1000,1140.490629
-160.428767,169,1140.538697
-246.464418,358,1140.837032
-131.552917,77,1140.849976
-361.799906,740,1141.914818
-76.372968,695,1142.440197
-64.454704,76,1142.451804
-341.906021,578,2208.486913
-38.36757,270,2208.62884
-129.043468,188,2208.682353
-69.521411,94,2208.700197
-55.421556,84,2208.716626
-210.155827,196,2208.774081
-82.667092,62,2208.785443
-42.196493,1000,2212.751021
-94.719516,362,2212.958623
-203.30035,604,2763.698387
-176.963905,697,2764.593988
-102.19442,144,2764.62881
-67.225822,1000,2765.718904
49.781289,127,2765.743165
-198.276259,784,2766.42702
-169.829383,241,2766.526294
2.871941,67,2766.537952
-222.654275,157,2766.573953
-266.641635,145,2766.605612
-72.965463,595,2767.421451
-107.165967,132,2767.454106
-288.097327,140,2767.48877
-328.480949,208,2768.641265
6.353592,121,2768.663238
-94.49374,1000,2769.514376
-268.372455,180,2769.565087
-161.968712,117,2769.590114
-25.707572,103,2769.60769
-143.753935,544,2770.130304
-54.413788,1000,2772.379482
-225.750673,130,2772.410563
-104.924829,610,2772.905554
7.615083,85,2772.921414
-277.132779,80,2772.935114
-119.941584,91,2772.949223
34.164178,71,2772.96194
-335.179967,209,2773.023547
-95.776913,76,2777.957163
14.889726,104,2777.974789
-108.278127,127,2778.003881
-3.435088,94,2778.021471
10.021233,141,2778.049519
-86.225993,1000,2779.2449
-268.571212,779,2779.926679
-77.191505,62,2779.936931
-154.326351,129,2779.965892
-70.340952,65,2779.975941
-72.429958,63,2779.985473
-75.310809,85,2780.000561
39.67043,102,2780.018271
-87.797203,90,2780.032563
-212.401843,516,2780.432107
-126.488799,131,3246.506871
-67.720871,81,3246.519462
-167.548528,117,3246.544546
-146.749957,71,3246.555279
-120.151477,84,3246.56991
28.581679,153,3246.609129
-122.916256,97,3246.625834
-106.765312,77,3246.637983
-18.202083,1000,3247.596862
-71.806801,104,3247.618562
-136.303968,109,3247.639698
-163.470472,90,3247.654385
-203.991855,95,3247.674047
-18.977039,127,3247.702768
-77.423231,89,3247.720209
-124.111177,84,3250.594973
-89.994457,99,3250.610445
-235.211267,84,3250.622695
-294.785454,757,3251.26666
-127.970819,114,3251.286981
-60.417157,116,3251.313385
-80.013175,61,3251.323136
-100.438369,111,3251.348884
-59.893208,70,3251.361164
-117.164543,60,3251.370493
-65.103382,108,3251.395188
-72.604434,109,3251.418
-98.02801,95,3251.436685
-113.174763,98,3251.452125
-232.999372,656,3251.862223
-121.347513,89,3255.677728
-92.160011,85,3255.69161
-47.500651,122,3255.72182
-82.03219,91,3255.737833
-74.655427,121,3255.763384
-5.548707,111,3255.783791
44.871347,102,3255.803936
-229.014786,467,3256.117068
-94.720406,111,3256.141325
-56.451458,94,3256.157347
-36.062452,80,3256.170569
-85.609989,79,3256.181658
-11.936274,91,3256.198451
-167.039607,73,3256.209399
-35.409885,97,3256.22781
-8.449332,155,3260.184439
-49.102128,98,3260.202243
-62.288312,72,3260.214889
-218.014543,549,3260.596796
-47.301823,115,3260.620081
-171.258793,176,3260.669173
-10.142697,98,3260.686861
-83.256163,79,3260.698671
-125.690025,71,3260.710107
-86.496517,99,3260.725654
-241.934253,413,3260.98937
-92.158693,99,3261.007544
-230.030073,307,3261.138348
-65.367344,86,3261.153302
-25.312773,108,3261.171657
169.649207,564,3264.758681
-205.669473,141,3264.792424
-181.230252,197,3264.860627
34.063633,1000,3286.487923
-176.696003,91,3286.503053
-28.829201,173,3286.551921
-89.010825,84,3286.567995
-264.034119,99,3286.583431
-202.758103,289,3286.698126
-184.787016,763,3287.321876
-98.034088,70,3287.333399
-178.17507,264,3287.458163
-245.707028,129,3287.488731
-153.540778,87,3287.502847
-174.152542,101,3287.523003
109.296198,751,3291.137733
-5.368513,127,3291.164498
11.011563,158,3291.205162
-214.599333,356,3291.42177
-137.961112,79,3291.434755
-3.533762,183,3291.478202
-146.924029,332,3291.664631
-16.045237,87,3291.682487
-217.696831,216,3291.760984
-211.575058,636,3292.229387
-18.321301,194,3292.291702
-230.110519,495,3292.680947
-158.54096,86,3292.692999
223.29967,621,3293.087092
-212.38563,466,3293.450738
8.890209,77,3295.858669
-229.426947,113,3295.883103
41.355075,200,3295.936762
-151.298376,82,3295.950486
-69.928504,82,3295.965955
-394.822615,430,3296.336554
-134.699953,132,3296.369814
-321.859909,657,3301.288877
-147.459729,108,3301.309204
-137.296602,97,3301.327406
223.525137,509,3301.75918
-50.617782,104,3301.779752
-95.372549,392,3302.162222
-122.459847,159,3302.204521
198.493876,697,3303.154927
-116.104797,95,3307.25503
-201.504852,448,3307.569499
-224.308314,176,3307.626031
29.364799,107,3307.645384
-91.990626,81,3307.657988
-96.408926,103,3307.679448
-189.461238,91,3307.695204
34.788818,1000,3312.124995
-87.047107,113,3312.146073
-170.869451,437,3312.391456
-123.362776,287,3312.516602
-62.401314,81,3312.530935
2.769694,1000,3314.019596
-193.116182,290,3314.128945
154.221796,660,3314.791397
-152.648691,134,3317.568558
-144.144148,206,3317.633643
-49.719186,101,3317.653427
-156.015439,98,3317.672091
-143.930583,88,3317.684753
-88.232971,111,3317.70382
-142.863593,299,3317.826348
-85.171028,86,3317.841831
-230.520757,114,3317.862864
-177.008612,350,3318.040083
-103.822172,94,3318.054588
-92.217172,167,3318.093925
-96.648573,71,3320.770235
-71.35181,104,3320.803302
-254.24094,132,3320.840074
-26.204189,92,3324.241957
-140.283227,117,3324.266722
-48.119988,138,3324.295407
-142.218747,731,3324.776624
-82.161339,91,3324.793833
-83.158952,83,3324.810792
-134.010718,104,3324.828911
-68.251145,139,3324.857893
-133.138001,105,3324.874515
-246.662368,886,3326.140741
-74.35165,97,3326.160262
-98.158182,149,3326.195572
-133.312941,64,3326.208009
-105.687226,160,3326.247438
-206.771674,245,3326.318082
-164.477804,82,3329.273687
-92.047649,1000,3334.252732
-111.797804,99,3334.273601
-182.387612,320,3334.450925
-131.074788,181,3334.497641
-44.548411,94,3334.517477
201.828028,380,3334.730243
-183.089387,533,3335.147155
-183.163868,109,3335.166596
-171.40744,96,3335.184245
-156.656098,158,3335.222726
-288.295297,898,3336.251727
-150.919933,77,3336.264492
-152.847591,81,3336.279217
-31.179563,85,3336.296632
-144.585582,120,3338.229129
-17.245555,149,3338.257644
-205.935817,108,3338.274816
-82.976013,1000,3339.701647
-204.182548,433,3340.010887
-154.503823,93,3340.028329
199.221901,493,3340.439372
-90.086263,114,3340.460094
-86.661987,142,3340.489529
-98.369194,80,3340.503911
-61.027681,83,3340.518871
-129.215493,86,3340.534807
-202.226987,212,3340.602472
-316.096885,248,3340.688201
-70.205046,131,3340.716982
-65.72652,115,3341.907786
-75.554845,698,3342.69785
-41.450238,266,3342.815302
-4.829245,126,3342.839709
-125.374489,111,3342.864734
-173.647366,97,3342.88049
-13.165989,76,3342.894877
-173.73212,217,3342.96833
-141.856966,100,3342.986416
-110.797118,266,3343.080341
-43.505747,79,3343.093334
-44.855673,104,3343.112027
-165.516908,69,3343.124015
-45.917243,91,3343.139456
-41.110174,1000,3344.529813
-179.924512,174,3350.853579
-167.437342,76,3350.865966
-66.156127,89,3350.880927
-9.522468,127,3350.907828
-45.512017,134,3350.933819
-137.123117,62,3350.943697
-126.276437,133,3350.974546
-214.986878,435,3351.244335
30.09277,154,3351.286435
-17.666608,133,3351.317114
-70.017494,120,3351.34179
-143.07033,201,3351.39898
-105.29339,55,3351.408461
-141.421249,74,3351.421404
-137.132059,128,3351.451034
-119.610662,93,3405.702753
-93.592411,141,3405.733902
-116.270224,74,3405.746091
-119.955955,835,3406.779412
-119.749283,1000,3408.291404
-50.845522,158,3408.332945
-101.400931,80,3408.347205
-146.663037,180,3408.395931
-186.732337,1000,3409.427887
25.8235,77,3409.442163
-51.964272,125,3409.467834
-58.73805,1000,3410.987134
-98.486387,1000,3413.698284
-175.613179,421,3413.995737
-133.160654,73,3414.009283
-83.847496,59,3417.747939
-92.593812,183,3417.796965
-140.94408,67,3417.809353
-68.528924,1000,3419.788828
-180.933135,75,3419.801491
-113.56845,76,3419.814731
-34.547832,138,3419.847588
-114.281335,70,3419.860923
-36.12504,122,3419.886489
-1.477189,263,3420.012396
-191.267665,223,3420.094393
-104.484409,58,3420.104574
-93.116992,85,3420.11773
-261.556229,341,3420.757895
-11.653799,1000,3422.218915
4.514387,166,3425.42964
-190.709374,191,3425.486446
233.27059,575,3425.893563
-40.053156,94,3425.913246
-30.460472,169,3425.953457
-449.66064,415,3426.274257
-143.732973,88,3426.290501
-13.759203,1000,3427.543511
-389.519481,881,3428.767226
-55.54504,66,3428.77966
2.13474,152,3428.819418
-269.542072,199,3428.884261
-274.539231,239,3428.967617
-55.252466,167,3429.009452
-329.392728,225,3429.084511
-30.879177,185,3430.87085
-185.14757,597,3431.495315
-53.958897,169,3431.538006
-75.359316,467,4437.54811
-133.380399,101,4437.569201
-29.080816,126,4437.600346
-18.792569,171,4437.649029
-70.619698,105,4437.670815
-33.386075,186,4437.726867
-64.199535,386,4438.021832
-313.283317,344,4438.243763
-62.453507,621,4438.834334
155.415744,889,4439.781667
59.33628,1000,4440.86715
-87.889923,95,4440.884903
-7.38961,115,4611.710406
189.073537,459,4612.081544
-80.574301,85,4612.098648
-25.33329,129,4612.124829
-127.264106,72,4612.138416
-214.589836,230,4612.230901
-135.023971,222,4612.299281
15.09983,168,4612.339868
231.419507,154,4612.383368
-87.964827,106,4612.404482
-53.676188,635,4613.008897
-147.770232,111,4613.030125
-39.315206,126,4613.059777
19.465075,183,4613.1037
-95.588465,67,4613.116398
-164.502562,892,4617.336287
230.947665,983,4618.520703
260.481792,426,4618.710792
-94.972818,122,4618.733973
15.285836,634,4619.183333
-167.294943,289,4619.330501
179.06747,546,4619.766167
219.656524,327,4619.934751
-104.224957,75,4619.948691
141.820346,889,4620.89183
-137.99752,464,4621.163387
39.407195,136,4621.19197
-103.338602,1000,4622.248323
-21.767272,119,4622.276846
-70.284692,75,4622.291386
224.18709,273,5464.189605
-37.050613,89,5464.207325
-253.582441,757,5464.99754
303.881216,360,5465.191372
28.118415,120,5465.219258
17.135746,1000,5466.072218
-55.411438,147,5466.109129
-117.748366,456,5466.458732
-98.447077,506,5466.825998
13.619631,101,5466.848569
139.06241,846,5467.777581
-17.309301,120,5467.803003
-140.135008,901,5468.562507
21.999491,112,5468.586313
212.162057,341,5468.782191
-27.053118,155,5470.097167
-66.304476,92,5470.115456
41.91505,1000,5471.104019
-79.055846,810,5471.940882
218.772321,319,5472.09682
235.379858,454,5472.392635
226.311937,295,5472.565058
-55.738795,63,5472.577074
244.764205,243,5472.677517
-137.031335,915,5474.184983
-14.609351,120,5474.212189
-166.628632,958,5475.405943
266.003373,592,5475.739088
52.898137,1000,5477.15869
-171.943856,101,5477.179496
-30.211353,118,5484.073118
182.814808,492,5484.335654
-173.699335,350,5484.466733
269.634405,202,5484.521094
2.133856,153,5484.555298
301.989714,287,5484.661947
-169.99137,541,5485.076674
9.335946,144,5485.114874
190.459095,400,5485.277577
-153.91522,475,5485.517101
-51.923597,1000,5809.862021
177.378572,525,5810.210469
27.073427,113,5810.234961
-104.670404,1000,5811.816376
-16.59102,1000,5813.558205
-45.857362,144,5815.396174
200.065112,560,5815.950002
149.438588,477,5816.320294
-4.822753,120,5816.344866
16.401791,1000,5817.731152
282.862631,377,5817.911968
-41.003952,169,5817.954938
175.280202,358,5818.167047
-132.930795,503,5818.653967
-103.722139,462,5818.921941
266.723086,392,5819.167224
-199.084245,589,5819.473508
-22.017819,151,5819.513523
-72.245375,1000,5821.021196
17.434525,132,5821.050777
53.020897,131,5825.255192
204.085119,356,5825.48531
-27.154252,165,5825.526056
262.072061,191,5825.576607
52.567771,128,5825.608186
205.883246,459,5825.951182
221.895046,701,5826.496395
64.642243,170,5826.543437
-6.142964,110,5826.565652
-139.263013,373,5826.787202
-29.65941,117,5826.814992
3.744146,1000,5827.971349
17.549171,1000,5830.08867
-191.9684,907,5933.158726
164.039215,347,5933.31581
283.218833,208,5935.681332
-148.455576,517,5936.088937
255.550695,212,5936.162316
-59.410371,510,5936.568997
241.590519,219,5936.641324
-215.641442,602,5936.96565
210.187605,338,5937.126306
237.502432,231,5937.207083
-8.950193,113,5937.228908
256.278783,300,5937.331496
241.75964,336,5937.504994
33.974062,125,5937.534243
237.658039,442,5937.758232
259.527992,574,5938.192102
-9.202046,104,5938.213154
-90.056622,123,5939.663983
-198.100331,443,5939.99355
288.607151,245,5940.079635
243.726368,229,5940.160675
-143.661621,603,5940.575896
-39.649411,123,5940.601745
-93.498238,629,5941.366918
-160.517771,857,5942.324566
277.01347,284,5942.417111
253.80724,267,5942.513093
44.645232,126,5942.545715
-162.444927,540,6236.111953
-76.461281,1000,6237.611898
270.229587,697,6237.990968
-84.450382,374,6238.15567
11.820609,144,6243.912113
245.918497,228,6243.99639
258.475891,272,6244.093789
227.706626,362,6244.322904
286.464394,275,6244.430241
257.561551,211,6244.496637
32.370931,1000,6245.82131
42.761014,1000,6247.030819
259.135641,229,6357.659597
-32.822766,129,6357.705168
-142.199021,703,6358.354241
254.686804,216,6358.430851
261.872436,177,6358.486079
249.698083,220,6358.557712
-31.542243,154,6358.597384
-43.404024,145,6362.696688
-19.553983,122,6362.723948
222.647194,373,6362.915209
237.773255,325,6363.052176
-15.485057,162,6363.08962
-6.93513,109,6363.113642
276.477357,179,6363.163732
-9.210052,84,6363.180088
-135.765021,1000,6364.682383
157.993633,1000,6366.065206
270.457591,440,6366.34815
212.873102,449,6366.687871
258.4271,232,6366.770884
-16.833128,101,6366.792969
-116.278476,99,6366.812127
243.547481,277,6372.467605
-58.603616,1000,6373.920198
301.524913,339,6374.081768
213.676847,543,6374.334434
231.522478,325,6374.511917
10.860328,1000,6375.972961
295.13262,295,6376.114579
180.245228,433,6376.3824
209.068085,378,6376.637989
282.576413,585,6377.076934
247.822631,203,6377.144474
237.156482,218,6377.221702
173.970576,897,6378.084539
-14.662249,128,6378.111281
233.974373,228,6378.184336
270.364145,323,6382.862218
272.758846,236,6382.955643
-142.120439,1000,6384.172491
-174.035476,399,6384.400298
41.709305,190,6384.463858
216.345056,285,6384.595063
257.670571,343,6384.763863
-144.444325,933,6386.747695
212.247749,322,6386.886109
-56.438168,148,6386.922834
-119.904459,1000,6387.922795
-71.013471,1000,6477.533734
-93.563234,1000,6478.893879
24.892424,201,6478.961013
-135.383491,521,6479.438823
-149.784789,489,6484.656007
-96.345417,221,6484.728563
263.662658,222,6484.803557
206.570305,499,6485.223619
197.914691,445,6485.490746
-42.254609,162,6485.528955
242.056612,403,6485.745113
183.072098,478,6486.195933
255.385419,457,6486.453706
210.846116,516,6486.735805
22.788552,120,6486.764197
-40.750417,106,6486.789513
211.008912,566,6487.1716
-18.624678,120,6487.198106
265.247363,237,6487.266585
176.883151,280,6500.026677
-57.578328,191,6500.081373
-146.392259,160,6500.128301
-43.731913,118,6500.152392
-16.069669,161,6500.194006
188.163569,459,6500.511172
7.18241,147,6500.548192
249.912035,205,6500.614937
-201.214139,366,6500.761041
259.541873,326,6500.879153
234.600927,365,6501.06795
233.604043,195,6501.129994
225.271587,490,6501.511676
-30.85213,160,6501.553212
-32.404211,247,6501.633913
270.762769,397,6506.597995
-416.925874,753,6507.207232
-162.973832,312,6507.311339
-116.294248,530,6507.569465
293.134396,342,6507.72819
31.15016,116,6507.753065
284.755157,173,6507.792621
228.78642,253,6507.896188
-14.243528,1000,6509.360632
209.568395,174,6509.408806
238.430028,193,6509.459582
16.28294,138,6509.489672
-29.142838,107,6509.51169
228.685816,271,6509.603195
267.032666,209,6509.658046
269.384737,224,7299.805129
299.482776,200,7299.869546
-10.91,108,7299.89485
-8.326958,1000,7300.743105
259.10817,227,7300.823292
271.847915,187,7300.880829
-82.952447,354,7300.99035
266.924374,195,7301.052067
261.681054,394,7301.227351
-187.400144,204,7301.282316
232.995321,381,7301.450088
272.854517,235,7301.524384
-109.776766,735,7302.342601
-5.390712,82,7302.357376
-163.82952,182,7302.403956
-49.633109,92,7304.196885
-320.03657,348,7304.352888
210.804975,197,7304.405296
3.961781,138,7304.436918
287.197116,483,7304.751321
-35.555398,1000,7306.152049
24.950021,154,7306.191303
186.28083,335,7306.347395
-7.44908,96,7306.366114
258.079895,422,7306.592806
-30.9172,429,7306.854575
245.22418,455,7307.195435
255.686321,181,7307.248065
234.497015,192,7307.294489
247.013835,475,7307.567402
265.181129,277,7389.560414
-111.562187,214,7389.621199
201.055822,321,7389.769149
184.865156,675,7390.324312
-45.630367,98,7390.344675
223.442559,633,7391.01882
226.734632,301,7391.145023
-65.302446,131,7391.173066
167.394435,353,7391.355918
176.73843,274,7391.45414
131.111636,794,7393.140866
235.468115,253,7393.226543
-129.48079,238,7393.31027
-136.785067,389,7393.513324
-20.31426,184,7393.561409
-51.956978,84,7394.869441
273.820492,330,7395.03241
285.029746,223,7395.10416
29.880573,158,7395.14192
185.189418,582,7395.656572
-8.255667,139,7395.687734
264.210401,246,7395.801254
225.086183,240,7395.888127
263.784454,215,7395.964224
-81.356487,207,7396.022367
-115.335948,515,7396.406683
177.996726,370,7396.562887
255.290983,246,7396.663516
220.037052,298,7396.802328
202.753198,427,7396.999584
-10.192513,178,7403.499269
-62.969524,1000,7404.848905
-24.854359,132,7404.875758
9.387705,259,7404.959367
-57.45406,102,7404.980813
284.294642,213,7405.048812
271.300311,218,7405.107519
222.069176,161,8319.857545
250.755685,204,8319.933162
235.05709,208,8320.018121
292.379544,171,8320.066309
-221.34425,120,8320.093821
254.153955,282,8320.231109
220.166946,575,8320.681977
-34.529199,132,8320.709977
-105.214368,111,8325.120383
-0.390412,98,8325.139749
-49.470549,114,8325.164409
17.229334,162,8325.204652
154.158593,553,8325.509343
-166.447795,1000,8326.60842
-159.805887,284,8326.702091
232.583613,300,8326.834622
270.830669,204,8326.888899
-62.965728,101,8326.908966
244.360796,264,8327.025048
249.476107,264,8327.131198
157.264921,816,8328.377909
-74.729817,287,8328.471866
-226.23474,157,8328.508418
216.768507,394,9314.631878
-48.191871,181,9314.684266
-138.217045,162,9314.725064
-242.851048,108,9314.746046
-187.685869,215,9314.806538
-99.396337,116,9314.831209
197.830146,296,9314.967648
-223.359691,116,9314.99365
-128.202012,95,9315.01339
194.102713,459,9315.310174
-219.96653,82,9315.326398
-56.540965,136,9315.356911
-150.515622,106,9315.376841
-189.43002,92,9315.395273
-46.197624,111,9315.417424
224.84102,316,9318.441845
-67.331533,92,9318.461316
171.61466,308,9318.600796
214.4374,225,9318.660559
191.593865,303,9318.803177
-88.50282,112,9318.827395
146.649033,346,9319.000896
247.509104,463,9319.400095
-99.545774,139,9319.430093
-54.888961,240,9319.509529
-15.925123,131,9319.537756
-103.665938,400,9319.651301
-51.697585,127,9319.681208
231.162384,233,9319.756239
237.800798,222,9319.832554
236.419744,212,9321.664021
102.207861,538,9322.229103
-18.616605,1000,9323.77891
45.820278,144,9323.811783
-25.678756,155,9323.847132
-228.902222,643,9324.77769
260.458629,331,9324.927619
-81.425575,202,9324.985405
-73.352519,254,9325.067597
23.445871,237,9325.14789
-162.509156,220,9325.22279
-17.931332,186,9325.265621
22.251618,126,9325.293003
-1.482075,138,9325.328155
207.465659,298,9325.418667
-39.292079,123,9356.567621
-114.903518,125,9356.595732
-139.500929,153,9356.633733
0.474088,166,9356.671087
-177.713279,105,9356.693815
-50.537104,127,9356.723242
273.509567,282,9356.840368
-184.671191,134,9356.869638
0.086706,146,9356.908446
-72.235599,148,9356.946116
-96.662303,1000,9358.392724
-169.125679,143,9358.430168
-33.755785,151,9358.466451
-211.384499,127,9358.496774
-114.901442,181,9358.552455
175.146224,394,9362.370994
-59.279057,126,9362.399276
-246.890432,154,9362.437274
-81.646927,110,9362.459607
-88.563689,123,9362.4868
253.288133,284,9362.59636
-141.890609,378,9362.812657
-14.117187,171,9362.858245
-187.874343,138,9362.889395
-192.024979,108,9362.907806
-46.879508,132,9362.938195
-198.8558,106,9362.959849
232.747959,474,9363.208933
-100.866748,136,9363.240972
-200.642135,199,9363.300289
-87.271177,441,9365.898517
-45.33768,138,9365.927918
-73.101522,104,9365.948155
-239.416473,106,9365.97224
10.752086,109,9365.995411
-132.342436,103,9366.017531
205.794976,464,9366.418604
-198.380807,204,9366.481619
-137.789022,210,9366.545434
57.829881,1000,9368.46748
272.502988,217,9368.534134
-289.782481,158,9368.575828
182.279114,651,9369.483763
-200.920106,145,9369.519862
19.788351,151,9369.557911
152.972076,327,9410.529468
-164.364971,142,9410.564754
-213.511912,137,9410.597668
-117.65805,114,9410.621756
-100.45198,90,9410.642059
-14.619796,252,9410.727548
-162.429293,183,9410.774523
-190.382223,115,9410.800822
-290.206096,405,9410.9717
-136.355256,155,9411.011697
166.313166,396,9411.208816
-161.18638,280,9411.314555
210.606073,405,9411.647483
-222.039195,873,9413.538685
-159.202181,158,9413.575989
-46.946241,147,9417.372388
230.907378,399,9417.709963
269.134946,296,9417.846815
220.538233,307,9417.988514
-238.90996,209,9418.048276
-242.80323,169,9418.088424
-60.708059,130,9418.117262
156.730753,430,9418.418643
-40.674157,140,9418.449606
-155.827691,175,9418.499095
272.387866,260,9418.587216
-15.002904,197,9418.644478
256.650825,341,9418.802993
-103.408476,533,9419.248752
153.533932,542,9419.600691
209.761158,344,9421.163795
-8.187018,233,9421.251244
-186.64596,144,9421.285178
-93.825505,139,9421.317829
19.016065,175,9421.36033
274.483325,401,9421.581225
177.931943,475,9421.846911
-62.697882,122,9421.873637
-94.34961,175,9421.917462
258.953668,284,9422.047315
268.068893,234,9422.114479
-211.760241,170,9422.159418
278.594896,234,9490.402943
234.529169,475,9490.81563
-60.37934,127,9490.847264
-19.631168,108,9497.654227
-12.420796,171,9497.702186
-43.586406,251,9497.783148
-169.790817,453,9497.966127
-31.246521,1000,9498.96606
178.58301,496,9502.102601
17.619122,141,9502.138522
-28.512644,117,9502.163139
236.874614,187,9502.208481
-68.58192,152,9502.243934
-37.286882,141,9502.275846
-14.771535,105,9502.2979
188.088054,291,9502.428459
-71.864159,112,9502.452037
-102.872514,167,9502.49176
-96.934446,132,9506.64211
179.144803,394,9506.952273
-288.053329,765,9507.833672
-68.777798,135,9507.86853
-125.037992,236,9507.934346
228.926748,280,9508.046917
-176.774829,296,9508.160019
-62.101858,135,9508.191935
-180.471023,146,9508.221025
241.000395,284,9508.319515
276.909931,196,9508.37611
182.664545,515,9508.674417
-78.195144,148,9508.709414
312.736509,170,9508.751336
238.391666,185,9508.797625
163.633563,247,9576.926404
131.924826,775,9577.67576
-168.174137,310,9577.773512
-196.235536,173,9577.812379
-90.868053,121,9577.837848
28.340283,1000,9579.599766
212.26161,264,9579.718332
257.921072,201,9579.782454
13.655597,116,9579.807598
181.461428,329,9579.961806
-119.699172,215,9580.026898
-268.089892,838,9581.146008
212.560913,444,9581.388785
269.464021,225,9581.464866
252.22563,202,9581.521783
203.871504,322,9587.265601
-44.018227,1000,9588.924581
20.455636,1000,9590.354499
-164.819516,173,9590.401323
213.33969,254,9590.495498
223.935972,294,9630.553156
-72.910888,121,9630.582952
-207.853789,206,9630.665549
265.827854,204,9630.719217
-90.548042,133,9630.745834
199.635242,726,9631.88167
4.885536,161,9631.922176
288.281872,191,9631.97654
218.52536,381,9632.165454
283.922303,209,9632.232525
-64.758522,169,9635.414681
-131.99712,349,9635.546773
-1.083528,123,9635.572655
233.298481,245,9635.658779
207.863334,184,9635.703133
14.768491,141,9635.735751
-98.819043,229,9635.8118
-76.186778,115,9635.836405
-152.00116,233,9635.90174
-6.966766,98,9635.92026
220.702728,332,9636.074566
-178.168143,323,9636.226413
27.696675,115,9636.248626
263.429486,368,9636.458007
291.153073,288,9636.553466
-68.067326,118,9639.819908
251.504453,398,9640.012561
-17.945281,87,9640.028689
292.27717,238,9640.103414
-9.075058,130,9640.132154
269.634304,307,9640.265696
228.560304,216,9640.328953
-110.682081,222,9640.405283
-165.075397,166,9640.44733
10.826227,104,9640.469524
206.274959,452,9640.737391
-197.071752,221,9640.814676
259.521175,185,9640.868593
161.607795,687,9641.315151
28.771081,160,9641.354022
305.086996,215,9644.496982
-61.639402,353,9644.653888
-149.200423,181,9644.703589
-239.320372,138,9644.733348
239.161296,383,9644.998107
-300.528257,156,9645.035674
-171.460996,465,9645.242854
182.646076,529,9645.814437
-7.054993,153,9645.848531
4.131967,1000,9647.35964
-48.235994,262,9647.477611
-186.008882,172,9647.521359
216.308329,219,9647.590334
-170.724127,291,9647.701445
-240.910992,237,9647.779063
-111.491988,138,10017.417021
-13.863664,126,10017.445994
-175.230079,133,10017.479411
-187.522602,273,10017.581417
-149.428021,240,10017.665065
-180.298913,348,10017.814763
-65.292593,188,10017.858995
-206.970864,247,10017.935935
-85.333757,123,10017.963583
177.552307,370,10018.167149
-217.661383,190,10018.221772
-166.389314,104,10018.243771
49.786959,1000,10019.437907
5.579128,112,10019.46359
-128.918244,181,10019.513362
13.646757,1000,10023.590014
190.876311,208,10023.662918
239.441047,376,10023.861153
-16.412276,133,10023.893832
-334.577468,265,10023.987334
-244.066329,208,10024.050675
-0.516634,101,10024.070957
235.963335,355,10024.199383
-215.62466,138,10024.227036
-92.537289,113,10024.250208
-131.122818,132,10024.280159
-125.970364,257,10024.375569
286.809509,246,10024.458221
255.862926,212,10024.51085
-135.888406,120,10024.540396
-192.098618,159,10208.640648
-166.041705,301,10208.840933
-200.940618,166,10208.878468
7.672374,1000,10210.118309
245.417277,336,10210.290701
-265.198916,158,10210.330434
220.332262,400,10210.513545
-231.093457,129,10210.541017
-133.027362,152,10210.577936
220.009715,534,10210.917832
-164.737904,104,10210.939343
-214.761368,182,10210.986218
-247.461152,130,10211.015597
263.668358,347,10211.15371
-112.482518,122,10211.183534
251.102027,437,10212.558485
1.188084,114,10212.582855
-113.890915,126,10212.607909
-219.176967,100,10212.628408
235.95409,181,10212.671398
142.382409,351,10212.908105
-120.496594,344,10213.073665
-294.801242,132,10213.109177
235.842547,230,10213.175238
-191.287766,192,10213.224749
-141.504288,142,10213.257504
178.068127,600,10213.660487
261.45605,192,10213.714674
-314.292132,139,10213.749902
269.695364,234,10213.838256
165.387813,506,10227.545019
-232.058439,142,10227.582087
237.538615,182,10227.629596
-17.392307,114,10227.652996
-130.715581,123,10227.677295
-18.495111,134,10227.710396
-184.76996,192,10227.761799
219.483896,215,10227.82978
-158.670435,172,10227.873273
-166.841065,218,10227.937199
-27.625913,130,10227.964362
-123.193343,124,10227.993401
218.743159,493,10228.255068
-1.838446,96,10228.274803
285.997113,230,10228.344186
-41.232184,133,10231.403178
-29.612742,320,10231.512131
176.449711,196,10231.569163
275.082465,528,10231.937939
-218.165157,164,10231.976866
-46.230364,107,10231.999682
-89.842173,252,10232.085945
-197.334482,266,10232.188096
-263.775496,178,10232.232514
-30.77363,105,10232.255476
57.278118,150,10232.290997
211.090001,231,10232.380697
-189.791515,410,10232.640575
-30.875001,239,10232.716674
-169.255247,227,10232.782233
-40.544369,137,10234.945166
9.500091,145,10234.977101
-218.67532,209,10235.042385
-143.828619,192,10235.090837
-22.333267,161,10235.134079
-290.790196,165,10235.176372
206.521661,270,10235.281087
-286.239649,144,10235.313349
-171.91925,237,10235.385958
51.147461,158,10235.422903
-31.658071,283,10235.540634
-222.548088,130,10235.570882
12.800226,134,10235.602074
-80.343857,99,10235.622902
-138.061642,121,10235.648756
-49.638079,155,10239.319257
-97.074256,105,10239.339873
-219.082632,206,10239.394693
-240.24288,159,10239.433425
-91.348032,207,10239.495432
-184.179749,116,10239.520084
169.05546,249,10239.625908
201.59483,263,10239.70927
-33.814999,109,10239.73228
-63.37742,181,10239.777077
188.601381,440,10239.980945
231.588794,366,10240.130512
-66.125732,123,10240.159236
-83.494771,104,10240.178904
199.246146,222,10240.244137
-370.586786,132,10243.377367
288.134162,227,10243.447956
-96.120614,110,10243.473951
-1.928004,308,10243.609779
249.957254,378,10243.822878
-14.453803,114,10243.847059
-307.976125,110,10243.86936
216.437886,889,10244.627457
-365.738947,128,10244.658281
258.555876,319,10244.818814
-77.74456,124,10244.845413
142.815218,1000,10245.887254
-201.899506,106,10245.907386
-241.719826,287,10246.0275
-369.682938,103,10246.049445
-62.654378,117,10251.079547
199.32457,353,10251.344329
-72.859838,144,10251.376987
31.325754,133,10251.409063
-166.229596,185,10251.467645
-41.882998,118,10251.492129
-140.384045,111,10251.514516
-413.592477,151,10251.552108
-197.366505,118,10251.578487
-257.546546,91,10251.597031
-279.297072,127,10251.62487
8.190039,91,10251.645302
-72.79957,113,10251.66977
-307.353748,144,10251.703338
-151.237918,255,10251.792901
-161.73332,249,10256.306734
-356.713943,134,10256.334394
57.45076,114,10256.359126
257.280975,233,10256.417271
-336.55173,125,10256.444459
-184.868401,168,10256.481152
40.572548,114,10256.503093
-337.713387,89,10256.519553
-116.415848,116,10256.541036
-340.107654,113,10256.564563
-303.569672,139,10256.596869
1.553885,91,10256.615732
-152.151151,102,10256.639542
-168.499658,94,10256.657622
-29.014382,112,10256.681733
-39.591716,91,10259.596829
276.110018,306,10259.714777
-8.849154,107,10259.739909
-62.278189,100,10259.758184
233.996503,261,10259.848959
-22.63359,112,10259.873289
-177.575466,155,10259.909932
-186.54199,306,10260.063482
307.409232,237,10260.134707
-173.729545,135,10260.166091
-290.134495,133,10260.194206
-25.687494,118,10260.216675
-67.032056,96,10260.236235
176.322618,211,10260.297799
-66.618375,98,10260.319346
-114.261643,114,10449.417083
-104.799547,148,10449.454004
-167.263451,109,10449.479258
-228.553048,129,10449.509406
-101.945734,107,10449.533083
247.670247,178,10449.577878
-225.130133,142,10449.607462
211.376018,228,10449.697413
-218.455127,123,10449.722697
-114.389581,107,10449.744341
-132.476992,141,10449.773687
-179.26588,138,10449.805823
210.981545,199,10449.871125
-224.582836,141,10449.908477
223.471538,359,10450.127111
