#{"t_start": 1697684642.142205, "env_id": "LunarLander-v2"}
r,l,t
-427.062418,164,2.741541
-370.935199,217,2.826621
-356.902221,110,2.847827
-339.941891,195,2.919191
-436.130575,137,2.956023
-474.661287,210,3.027164
-379.354454,207,3.109297
-343.840761,165,3.153599
-316.506984,68,3.167125
-344.501896,181,3.227356
-341.911643,153,3.272348
-296.532608,148,3.308363
-452.418553,95,3.331898
-295.852582,225,3.41473
-319.369909,155,3.451166
-126.480102,580,7.025198
-123.365769,230,7.122944
-117.45451,144,7.159428
-46.254658,160,7.208578
-305.401502,793,8.723357
-212.429916,139,8.761904
-157.738858,215,8.857063
-226.314742,370,9.086597
-134.380757,252,9.193823
-92.935701,313,9.381965
-91.971268,235,9.485868
-118.391477,247,9.599816
-129.417404,260,9.742435
-99.702109,676,10.723937
-190.749857,248,10.858098
-161.191559,351,161.650026
-13.596998,130,161.685954
-61.339479,243,161.786219
-285.293073,354,162.036327
-213.458509,364,162.323188
-123.452565,216,162.402712
-191.240611,229,162.499153
-223.825751,210,162.571089
-240.7255,425,162.866852
-238.386012,559,163.506165
-154.056237,406,163.803438
-179.441086,215,163.878134
-230.895049,408,164.133059
-283.539984,423,164.513958
-252.839178,509,165.088735
-139.852797,1000,170.448921
-248.301067,312,170.595576
-223.767904,557,171.221853
-177.013478,1000,172.528054
-307.259159,578,172.970693
-47.520913,138,173.006412
-203.173573,1000,174.536454
-321.306732,735,175.201883
-143.884187,1000,176.710476
-184.380291,1000,189.390885
-440.485352,602,190.026939
-208.15793,1000,192.279467
-342.812106,807,193.373266
-170.569776,1000,194.741372
-154.457354,1000,598.95226
-237.321601,290,600.261628
-233.291452,437,600.618279
-225.652907,1000,602.911802
-38.868289,153,602.958017
-319.064883,786,603.931597
-265.211234,612,604.564751
-161.40126,1000,605.906361
-118.761851,1000,607.933443
-164.35767,1000,609.324731
-335.417264,563,609.897454
-327.568816,575,610.503635
-426.13908,676,611.116727
-271.595376,587,611.594832
-333.742011,970,613.474472
-204.005903,1000,1538.386301
-203.752971,1000,1545.364264
-139.617637,1000,1547.695973
-215.607933,607,1548.287609
-174.774948,1000,1550.30876
-114.497603,1000,1554.615831
-191.205453,1000,1556.287694
-99.397209,1000,1557.545297
-165.480212,1000,1558.583101
-76.477174,1000,1560.265939
-134.144089,1000,2047.517717
-149.687677,1000,2049.206125
-130.272352,1000,2051.759445
-170.671868,1000,2053.451042
-88.472384,1000,2055.954658
-94.506843,458,2056.373531
-363.756669,762,2062.654655
-402.533604,817,2063.487347
-344.789022,642,2064.035436
-341.595353,745,2064.851461
-399.415389,817,2184.923691
-345.539999,772,2185.75337
-363.145161,784,2186.789343
-417.933166,661,2187.729936
-414.696873,965,2189.413639
-400.977174,833,2190.455134
-304.578544,667,2190.906152
-316.01354,733,2191.782375
-362.970162,778,2462.075737
-408.668593,760,2463.023191
-338.847773,672,2463.719188
-211.570179,215,2466.324295
-178.603677,347,2466.513058
-397.895395,563,2467.033102
-195.894189,295,2467.193577
-205.473684,352,2467.410506
-199.027407,1000,2469.04736
-103.125796,1000,2470.515943
-331.114988,732,2471.366831
214.095229,508,2471.792692
-428.139749,425,2472.122819
-164.045094,1000,3409.425075
-176.841783,1000,3410.848446
-593.143793,241,3410.932299
-217.357964,1000,3412.730226
-206.640455,1000,3563.568704
-296.695963,147,3568.689548
-92.295861,495,3569.158267
-73.138173,552,3569.621296
-261.102283,142,3569.658808
-5.676161,265,3569.805467
-244.184614,121,3569.830373
209.880666,540,3570.245323
-305.074379,248,3570.353756
-463.673825,640,3570.891273
-44.815557,509,3571.25995
-298.848246,132,3571.289891
-140.189746,700,3571.841438
-334.107276,240,3571.926849
-106.169529,523,3572.360401
-5.966524,599,3597.043392
-113.743497,236,3600.22767
-133.790989,128,3600.259038
-26.047422,188,3600.322892
-72.059292,300,3600.47794
-102.886737,165,3600.528368
-54.004282,483,3600.990707
-112.873831,120,3601.017264
-119.080322,129,3601.045232
46.65295,156,3601.090412
-19.772268,207,3601.164809
-24.262347,402,3601.535349
-115.027524,220,3601.619223
210.688921,283,3601.773283
-19.712268,465,3602.05865
208.472004,359,3602.300104
13.472327,211,3605.463016
1.980923,145,3605.497898
-1.407034,260,3605.585715
-21.787268,251,3605.68737
219.78799,229,3605.782763
-105.685629,94,3605.800985
188.478123,327,3606.00764
-97.449029,101,3606.027514
-58.532602,87,3606.044094
-68.962516,124,3606.072273
162.020135,496,3606.462149
238.375995,618,3606.94162
3.315635,280,3621.309126
221.852929,411,3621.529735
-184.377586,78,3621.544117
37.51751,355,3623.218212
226.786048,302,3623.393975
-192.716294,84,3623.407554
-26.582822,342,3623.634809
-27.406363,274,3623.758791
-196.834276,747,3624.431618
-21.297899,246,3624.548241
-33.599981,208,3624.609762
-86.313704,183,3624.667449
177.280572,926,3625.331808
-104.508548,148,3625.367211
-105.252486,93,3625.38255
-100.241053,287,3625.555737
275.109291,635,3625.996956
-22.992021,390,3626.257837
225.370058,777,3627.798895
-0.429562,1000,4160.21363
-29.019263,371,4160.444783
-3.450487,270,4160.555604
-5.254542,361,4160.78133
193.888575,340,4160.932912
-17.876085,137,4160.962782
-89.374116,250,4161.077206
164.0754,590,4161.462019
1.285021,212,4161.536166
-48.753288,346,4161.799423
217.005455,178,4161.851896
-21.20224,142,4161.885811
224.514147,635,4162.240646
252.955248,242,4162.345054
241.185661,355,4260.422558
-291.414375,961,4261.752386
-20.0768,613,4262.375571
-50.206619,1000,4264.087657
254.46656,440,4264.401615
-103.099185,551,4264.858527
-330.183922,701,4815.829691
302.627172,220,4815.911913
-108.70366,141,4815.943283
223.436228,297,4816.122742
-12.402827,259,4816.229703
-192.409355,549,4816.782551
276.565828,400,4817.050344
-94.46192,122,4817.074701
239.026682,366,4817.272216
-239.729784,976,4820.822044
240.694109,342,4821.024842
-143.671673,619,4821.921577
217.013806,377,4822.185067
-44.813185,253,4822.274135
-142.193827,125,4822.300641
-582.651298,399,4822.511106
-49.282001,1000,4824.169901
-243.88462,570,4824.692933
-23.098618,281,4824.83351
-436.776164,381,4825.164589
-308.269571,465,4825.69746
-362.363026,837,5327.173818
28.681552,220,5327.254618
-196.043771,605,5327.718389
248.274294,293,5334.051846
213.538075,621,5334.554864
-117.500841,781,5335.682046
282.947334,216,5335.756714
-189.652774,510,5336.124721
241.864118,270,5336.206915
-222.212471,575,5336.771064
-169.717968,719,6275.752593
-27.404968,143,6275.785106
-7.806986,386,6276.060323
-7.145723,208,6276.119262
253.63303,337,6276.331283
234.13979,300,6276.502579
189.360623,324,6276.67608
-45.419834,142,6276.70606
-25.452429,210,7196.404498
-269.108625,998,7197.930847
267.311354,228,7198.008225
223.357533,517,7198.279215
288.08516,183,7198.326875
117.431061,487,7198.774026
7.15536,1000,7918.535995
211.165793,791,7919.943665
274.251037,218,7920.022102
-198.426091,476,7920.3409
173.992634,254,7920.451528
298.047881,230,7920.537422
246.040975,246,7920.652209
-72.027669,1000,7922.129067
-30.296651,1000,7923.500938
-99.320277,1000,7925.859693
161.844246,679,7926.424608
246.363688,215,7926.502434
173.845269,265,7926.613497
227.550382,326,7926.817051
-0.384324,1000,7928.025206
-76.473013,1000,7929.274098
-98.672722,150,7929.305919
-225.105084,777,7930.338553
231.241328,368,7930.567565
229.684893,337,7930.718908
-102.777792,294,7930.822298
257.395085,514,7931.33715
213.861628,206,7931.392577
226.92645,313,7931.586091
-89.035155,1000,8921.25485
208.947996,442,8921.637972
-61.999495,134,8921.66401
287.980254,261,8921.770503
15.902817,152,8921.804879
244.730059,247,8921.898417
205.974226,651,8922.57706
251.308937,310,8922.716573
206.983405,506,9021.726293
241.780394,334,9021.935936
255.409887,599,9022.153206
264.375667,278,9022.280526
206.169241,470,9022.765031
243.229898,227,9022.859465
239.900732,286,9022.973927
-87.847426,187,9026.956755
268.944122,233,9027.065138
-26.859553,203,9027.115911
203.611185,428,9027.372077
237.28919,284,9027.504828
58.428136,144,9027.539725
224.888123,312,9027.723895
33.835619,1000,9411.777548
-93.837975,170,9411.819043
221.853509,324,9412.002461
18.360073,1000,9414.019123
256.470647,627,9414.662878
294.949897,187,9414.729278
-26.977218,152,9414.762054
224.948662,370,9414.971219
53.055133,242,10371.143039
216.090112,370,10371.3359
219.62919,681,10372.00254
-71.825922,123,10372.030302
293.41654,190,10372.091497
265.774435,180,10372.137818
227.896419,465,10372.537255
-25.965387,1000,10374.221373
276.942129,228,10374.306681
8.96435,152,10374.337659
9.567491,125,10374.361962
-55.074993,246,10374.440287
272.093246,375,10374.652833
-74.890542,283,10374.787026
288.999701,268,10374.912282
144.428702,692,11111.750436
253.568077,374,11111.921786
-9.523968,1000,11113.506886
-160.500614,606,11114.218879
247.578432,460,11114.723964
211.855581,318,11114.923713
38.600429,1000,11116.32286
-27.513035,196,11116.388633
206.972028,380,11116.692768
-34.269373,1000,11120.750696
243.903886,362,11120.95659
229.780705,371,11121.221193
174.066586,687,11122.364179
206.081628,558,11122.74123
237.419899,470,11123.143239
235.264383,400,11124.675737
172.476085,658,11578.190742
240.572319,463,11578.6668
9.840273,1000,11581.108696
214.414993,518,11581.574767
291.282774,826,11582.130773
256.314751,233,11582.205206
-48.585982,237,11582.299672
281.273315,295,11582.464187
239.628102,357,11582.731896
-245.350198,686,11583.411575
216.915071,356,11583.674958
211.266678,307,11583.909011
266.096997,358,11584.090545
-252.455129,351,11584.31925
273.569751,377,12610.814186
268.745076,228,12610.930753
-104.167465,165,12610.973602
240.207176,375,12611.246552
176.440802,405,12611.549891
206.280136,379,12611.817398
222.100243,386,12612.063488
290.146089,333,13580.137411
239.65633,404,13580.488833
254.340506,292,13580.613743
-65.132897,141,13580.645955
277.561907,208,13580.728647
258.619838,235,13580.817829
245.723474,279,13580.982312
267.905537,362,13581.267322
264.995357,283,13584.778244
261.932287,318,13584.951414
260.364131,399,14627.084145
209.440707,374,14627.334528
230.03279,445,14627.710491
-36.879162,318,14627.91459
253.404193,320,14628.130075
247.242966,380,14628.40255
-81.634271,149,14628.443585
260.152575,242,14628.552895
258.805672,592,14629.194302
234.799932,267,14629.336347
253.942013,257,14629.483248
270.455878,227,14629.578218
254.499321,339,14629.804949
-2.110914,424,15565.536716
271.347647,309,15565.750117
251.87685,193,15565.825237
-45.789527,226,15565.892568
-41.901252,373,15566.109735
267.080507,311,15566.312277
-97.475256,382,15566.648262
50.944766,241,15566.754475
279.46421,236,15566.866891
-16.380861,200,15566.94518
254.960827,417,15567.20544
-108.182392,267,15567.312252
-10.213146,367,15567.553345
-77.228786,256,15567.675983
243.09752,463,15568.04813
-81.924048,180,16485.560356
279.251632,227,16485.655568
266.701386,314,16485.859572
159.407335,353,16486.000995
208.340711,413,16486.340364
203.585443,436,16486.615851
262.906689,293,16486.766707
241.598048,729,16488.041044
211.783833,446,17520.35098
258.780428,247,17520.486108
-15.916839,401,17520.8566
271.294395,307,17521.02688
-71.229915,377,17521.273252
209.10469,424,17521.690517
-20.345429,240,17521.814282
275.994966,213,17523.823334
-53.639611,362,17524.084704
200.708583,466,17524.405779
-92.59089,227,17524.507492
164.847078,436,17525.045084
-39.437118,259,18476.096667
-98.60753,371,18476.37397
238.650329,477,18476.890837
-18.948125,293,18476.996857
263.31481,446,18477.195179
-35.675821,214,18477.288824
-64.752359,375,18477.536446
263.193222,428,18477.755143
230.826309,425,18478.121685
196.722988,344,18478.321905
-156.457539,208,19276.232834
-100.5676,252,19276.318616
249.693417,455,19276.675417
267.857787,536,19277.087132
251.526633,221,19277.193564
206.397012,301,19277.349468
227.928434,738,19278.683358
203.949306,273,19278.816272
239.490442,218,19278.896617
241.810401,503,19279.183654
232.672392,331,19279.399071
-214.444052,137,19279.434821
224.973525,458,19279.745692
-266.539039,182,19279.789383
197.50983,273,19279.977618
-78.481703,171,19281.650321
237.43889,262,19281.819
254.998295,207,19281.900501
241.65101,517,20231.347653
293.031576,320,20231.47474
231.978789,228,20231.563371
244.348693,282,20231.729479
-82.925819,151,20231.763369
276.002267,354,20232.014666
207.02856,547,20232.639883
237.430529,353,20232.905407
249.859704,239,20233.030693
234.627317,490,20233.536985
54.740026,107,20233.565088
250.682451,232,20233.67745
281.758819,410,21224.565666
271.650323,351,21224.755364
210.511987,388,21224.999398
282.973427,221,21225.102345
166.229926,515,21225.481324
-4.699745,168,21225.525539
192.432393,699,21284.940432
-54.294941,142,21284.977653
180.081177,307,21285.14058
204.938212,274,21285.292927
229.417777,253,21285.423078
236.357714,783,21286.217211
226.023723,379,21286.496052
257.394183,461,21287.032802
200.014888,746,21287.937726
187.836787,360,22251.349482
237.658873,294,22251.473302
190.873151,347,22251.708594
293.903345,348,22251.938503
205.431408,401,22252.217151
-21.741436,255,22252.311298
249.994955,246,22252.42567
239.25913,978,22253.342192
258.582946,585,22253.873219
227.559808,938,22254.888795
244.098904,369,22391.044078
211.4452,424,22391.350629
243.250832,331,22391.52241
234.76803,369,22391.768964
254.773535,395,22392.091152
266.988965,300,22393.492528
209.261028,483,22393.77529
215.10086,680,22394.339273
262.821141,407,22394.59417
182.756856,312,22394.787668
184.562987,561,22395.270555
256.441129,405,22395.496876
201.265272,526,22396.029577
254.028029,417,22396.348207
243.817502,575,22396.726282
259.927565,307,22396.909757
258.207331,429,22397.301263
-18.863682,210,22397.35745
190.530196,370,22397.563824
-11.531345,261,22397.654133
243.715345,292,22403.010462
215.721522,303,22403.185623
133.413154,1000,22404.81363
212.673818,472,22405.182663
260.989829,990,22406.198545
236.203468,314,22406.37832
205.996897,443,22406.660262
221.598102,720,22407.270032
241.084411,771,22610.954355
237.543844,959,22612.061716
256.434545,779,22613.019749
197.253422,334,22613.254806
142.835216,1000,22614.880224
96.162672,1000,22615.8204
109.037531,1000,22616.93266
178.08763,516,23222.011796
227.167052,322,23222.152987
260.75283,383,23222.368934
223.689434,298,23222.509844
226.405426,865,23223.183447
191.231306,326,23223.376985
196.454152,577,23223.870228
30.454507,313,23224.030561
237.901967,289,23224.200335
237.691982,329,23224.358903
223.754295,362,23224.573486
279.143317,372,23224.742365
118.515964,1000,23225.665453
229.506473,428,23226.091817
234.272605,926,23226.983199
211.123803,753,23233.602333
243.216285,993,23234.879827
228.599471,349,23235.11503
250.579459,392,23235.396881
225.776361,416,23235.741941
231.458604,388,23235.88967
213.391334,458,23516.887677
259.625941,353,23517.185884
255.286069,767,23518.071684
254.79951,702,23518.702694
282.931549,355,23518.91321
228.713012,675,23519.640909
278.002869,309,23519.804299
132.300098,1000,23520.765269
259.648196,337,23520.983312
275.934819,880,23709.422158
179.823532,453,23709.833837
219.81092,453,23710.209441
218.664695,341,23710.420477
253.780262,688,23711.067949
228.900083,749,23711.685682
225.471628,673,23712.471434
157.143071,989,23714.078877
267.637185,600,23714.755916
194.34282,453,23715.198599
205.953809,410,23715.543974
248.497489,642,23716.173988
180.923261,834,24123.339722
212.78394,492,24123.613212
173.518663,375,24123.821998
194.489072,293,24124.774376
207.60363,501,24125.210773
207.420798,749,24125.822814
252.335748,345,24126.02151
228.058051,323,24126.182609
206.160373,662,24126.943493
234.016642,413,24127.257504
251.903272,736,24128.168991
207.845855,377,24128.369795
215.505491,400,24128.533142
192.368441,751,24129.60823
244.410603,495,24130.039197
252.709538,603,24130.766663
257.449751,840,24131.480934
247.978781,538,24131.892265
91.819792,1000,24203.338156
162.613389,602,24203.792234
146.736531,576,24204.326786
56.883335,1000,24205.896614
162.917355,669,24206.713326
280.081692,352,24248.653843
-13.651237,144,24248.700171
224.872311,420,24248.955201
83.688453,1000,24250.595746
177.933909,803,24251.722572
208.875331,404,24252.129271
197.622823,446,24252.399744
241.996593,416,24252.818778
268.446917,302,24252.964677
245.977968,928,24254.818151
253.000581,669,24313.127907
212.623675,965,24314.62555
204.428233,399,24314.861925
234.640882,372,24315.051845
212.472463,330,24315.214934
200.642777,802,24316.307512
214.000454,718,24316.953976
135.036398,909,24318.163876
107.323063,1000,24319.057433
171.060825,828,24962.838543
146.479136,741,24964.139064
154.731443,837,24965.447316
214.124407,757,24966.412915
243.300027,509,24966.680402
239.515488,523,24967.219916
-47.96324,402,25092.032926
201.985824,654,25092.527214
210.992209,771,25093.43392
86.856876,1000,25095.114717
183.294166,627,25095.916446
192.26961,630,25096.643942
58.32764,1000,25097.884992
101.886414,1000,25099.084274
181.753292,853,25735.941202
165.51441,653,25736.450203
188.141498,573,25737.005481
166.855876,528,25737.346498
101.090173,1000,25739.337266
179.175569,675,25739.774528
170.485992,576,25740.44513
30.570895,313,26295.790088
221.0587,366,26296.039778
258.058878,864,26296.934141
212.083637,363,26297.135623
183.932715,590,26297.638497
300.392411,255,26297.749203
260.715091,290,26297.892213
227.911875,808,26298.812434
239.38409,451,26299.119177
239.392591,316,26299.293319
207.408443,405,26299.512888
182.660951,588,26299.886498
-55.438471,166,26299.931168
263.180266,700,26300.339263
205.500672,474,26300.704187
268.141341,255,26302.328199
231.763416,395,26302.658766
228.456064,376,26302.96712
252.731482,250,26316.223443
284.541204,398,26316.380876
218.650517,319,26316.552178
212.1947,403,26316.829
213.158067,383,26317.117973
211.361088,351,26317.390018
246.766925,335,26317.57523
140.786749,1000,26318.6092
243.909265,319,26318.821066
271.337835,278,26318.965864
217.778752,474,26319.373619
147.096882,700,26320.021439
223.336255,507,26326.895427
248.541453,405,26327.199247
171.198875,686,26328.096737
186.4735,611,26328.761483
201.165323,605,26724.514596
241.881653,867,26725.140728
140.93057,486,26725.551215
236.116987,438,26725.890243
207.726712,387,26726.086386
256.528174,517,26726.462582
112.56497,1000,26728.084356
151.299005,746,26728.684682
101.842868,1000,26730.221423
100.04416,616,26731.128867
255.259764,277,26731.276835
210.156884,424,26983.279589
-84.370317,1000,26984.391771
-20.851616,334,26984.576011
39.403093,195,26984.628708
263.128807,265,26984.715963
-43.40355,1000,26985.688353
249.036572,789,26986.273784
196.839432,672,26987.002443
218.548998,384,26987.296002
-47.457565,347,26987.509934
232.360334,361,26987.758088
259.731239,397,26987.958534
-63.616339,163,26988.004954
240.726656,453,26988.467399
264.001778,245,26988.562137
3.325832,232,27898.079354
99.791077,1000,27899.052922
135.005893,690,28440.612454
-178.208563,644,28440.912787
28.50323,170,28440.960389
236.393187,950,28441.901254
211.228815,411,28442.142481
118.508788,1000,28442.973101
151.569514,686,28443.79462
229.261073,366,28444.001835
263.085181,376,28444.206466
146.285376,499,28444.596088
62.703579,1000,28446.542789
-219.390938,333,28446.682455
20.870309,214,28446.738286
200.867558,660,29423.621737
-45.749104,167,29423.659605
252.154854,561,29424.074915
7.069277,444,29479.071929
-5.269643,236,29479.156791
207.191523,584,29479.786345
243.932114,344,29479.988632
252.57944,312,29480.162879
216.404979,792,29480.75018
241.001793,364,29480.98605
110.580764,1000,29482.348885
183.7716,551,29482.936689
198.382469,352,29483.176009
-19.798962,184,29483.22255
195.977764,329,29483.401165
212.188336,542,29487.67626
192.228708,494,30463.138973
220.05285,407,30463.475507
253.955173,987,30464.229732
217.017408,517,30464.706022
258.190324,372,30464.937555
239.821766,359,30465.169015
152.686377,419,30465.478679
98.651136,1000,30466.496093
200.514726,562,30467.023565
200.159286,538,30467.483986
274.122958,437,30467.816264
281.862628,586,31537.257125
194.892046,856,31538.01242
234.152588,440,31538.279474
245.836475,315,31539.912932
231.733238,346,31540.144277
218.005341,320,31540.334145
230.311555,365,31540.519758
175.352018,464,31540.833648
165.46588,649,31541.656788
195.386251,581,32485.296807
101.682797,1000,32486.616884
292.334344,235,32486.694811
225.157808,330,32486.885151
154.988005,562,32487.485933
-22.016857,169,32487.526552
204.872693,505,32487.88963
215.799726,313,32488.064443
161.297628,632,32488.848361
133.014067,1000,33000.826882
227.66101,433,33001.086612
240.146737,317,33001.273758
245.045113,980,33002.080761
252.689424,345,33002.291435
200.894645,463,33002.645843
223.194863,431,33002.974181
223.352473,431,33003.147488
216.9973,337,33003.303253
41.05147,256,33003.421676
241.895998,876,33004.467749
223.986781,992,33905.566386
108.726613,1000,33906.726418
252.948019,816,33907.315297
184.198474,493,33907.693284
221.996856,353,33908.827621
174.486886,443,33909.164713
227.901655,751,33910.059926
238.558734,333,34929.16177
250.869416,741,34929.740941
241.747087,560,34930.167668
-7.295985,238,34930.25601
262.19919,810,34931.03808
209.213152,470,34931.374051
258.699022,426,34931.7047
241.19368,471,34931.988115
156.166029,1000,34933.336249
31.23294,234,34933.407529
142.791898,1000,34939.309508
166.139975,1000,34940.593058
153.345337,555,34947.680718
170.485456,483,34948.122312
282.575707,283,34948.270367
31.445514,231,34948.366688
248.508374,224,34948.466014
153.603544,557,34948.951651
-44.804501,148,34948.987869
235.329685,289,34949.127578
230.865332,284,34949.238463
261.948615,292,34949.390236
201.828955,412,35413.293968
227.406075,245,35413.435262
12.673995,1000,35414.432548
283.17417,195,35414.502852
195.919267,282,35414.613443
273.770728,366,35418.816519
132.59865,1000,35420.035286
196.019058,641,35420.74158
157.650982,1000,35421.864423
283.091225,300,35421.985198
230.428358,598,35422.453391
282.836091,218,35422.533563
285.789235,303,35422.668468
227.354394,245,35422.755698
267.408159,288,35422.918338
142.586664,1000,35424.129145
216.26842,601,35424.608862
171.334169,1000,35425.304274
172.849141,1000,35426.349933
154.991933,1000,35427.676794
243.15733,532,35429.072037
222.668297,220,35429.153787
89.830515,1000,35430.324682
129.130591,1000,35431.738926
203.109786,816,35432.679067
232.560463,266,35432.782657
212.749033,277,35432.92607
274.942611,341,35433.061446
204.15979,568,35433.553401
234.547709,889,35434.433571
256.883876,343,35434.582392
-11.897491,232,35434.65812
228.303704,324,35434.832503
237.71881,311,35434.987566
106.041732,1000,35436.019661
249.798588,539,35442.826657
162.218193,429,35443.085729
223.654235,329,35443.341425
188.182149,383,35443.607211
202.173332,324,35443.776042
230.581081,287,35443.924438
233.513558,540,35444.229544
252.43374,239,35444.321786
206.086748,373,35444.54081
213.245063,255,35444.641027
282.265585,412,35444.866921
-34.467948,237,35444.962884
-12.964199,358,35445.186189
254.03373,286,35445.348341
215.451043,677,35445.821926
189.056579,553,35450.105149
266.14241,292,35450.236858
234.388848,131,35450.269051
-126.416576,458,35450.502186
194.718778,382,35450.738341
235.0298,332,35450.87794
172.631917,352,35451.046521
65.777351,1000,35452.249914
241.584526,391,35452.485969
197.072936,437,35452.770273
248.306675,346,35452.939887
121.255843,1000,35453.832098
127.284676,672,35454.488258
220.14968,265,35454.619158
181.839925,454,35454.97249
248.423059,265,35459.188738
237.43344,485,35459.62761
268.503511,237,35459.714142
207.615765,444,35460.031532
240.985876,292,35460.140946
303.203579,187,35460.18936
240.975309,370,35460.450489
251.118947,409,35460.777979
247.883349,209,35460.837318
206.343294,424,35461.159691
179.455705,437,35461.391928
215.005654,396,35461.698201
195.368651,338,35461.944503
203.000395,429,35462.244045
242.463737,358,35462.435377
282.311419,316,35465.717236
217.558221,353,35465.906176
254.505143,238,35466.012226
269.484558,203,35466.066703
137.75469,796,35467.137876
218.885466,350,35467.38524
245.013932,285,35467.529639
222.974466,428,35467.903074
-55.328076,129,35467.92823
239.293886,309,35468.109139
-26.557931,228,35468.176497
263.416657,356,35468.349562
209.765167,321,35468.503243
239.515177,265,35468.605251
230.70336,288,35468.769988
257.249777,933,35472.697494
255.521837,273,35472.837156
242.292442,437,35473.122246
217.118421,246,35473.204287
194.586264,417,35473.512864
210.152919,512,35473.798129
116.64317,676,35474.260594
246.239901,225,35474.346447
-162.083239,360,35474.537927
-23.490757,269,35474.684927
237.1059,387,35474.956859
182.301106,990,35475.886702
206.987514,749,35476.835177
41.42417,161,35476.882818
163.837452,653,35477.309509
238.967992,477,35478.566006
12.438987,133,35478.595607
194.702681,547,35479.128179
253.146122,388,35479.371242
231.647876,273,35479.504346
241.985392,271,35479.613203
166.607871,446,35479.870121
232.82806,236,35479.949013
244.196865,236,35480.035951
237.07598,307,35480.159647
287.882807,207,35480.21864
-62.289834,232,35480.306774
234.467996,414,35480.676696
-69.82965,262,35480.760439
221.247601,310,35480.862747
251.504494,302,35486.536949
200.356699,343,35486.737985
207.675994,384,35486.940718
191.21058,592,35487.319188
236.902059,318,35487.481947
211.633932,332,35487.672059
245.807618,304,35487.841801
246.410875,663,35488.375063
230.168696,424,35488.604606
271.707125,290,35488.73862
188.430127,922,35489.736511
282.010005,247,35489.845345
184.006019,518,35490.23607
192.606502,617,35490.921496
279.469127,235,35491.013351
145.114125,1000,35496.032127
150.276352,1000,35496.839484
130.793277,1000,35497.915099
307.456859,219,35498.006931
271.800076,180,35498.054956
217.104292,499,35498.357042
190.793379,471,35498.625089
261.509702,310,35498.753821
217.241372,666,35499.554395
140.551819,1000,35500.546398
132.699515,1000,35501.493785
252.570627,494,35501.748227
229.842286,667,35502.236541
205.645881,604,35502.736389
-222.048861,316,35502.901598
208.585014,353,35504.115854
219.166519,285,35504.253179
218.675372,289,35504.397775
236.856567,555,35504.875601
210.242119,887,35505.63732
221.387948,256,35505.750418
237.047284,255,35505.838776
249.402919,400,35505.993971
278.465703,335,35506.167007
-159.243196,330,35506.344819
-159.441585,170,35506.388236
147.125678,1000,35507.008646
233.976388,438,35507.317436
225.809397,451,35507.670965
144.76076,1000,35508.776741
219.184907,385,35515.007775
207.646419,310,35515.168589
241.569274,333,35515.3504
223.937711,324,35515.528391
214.037469,459,35515.806581
199.033489,419,35516.05181
260.314256,260,35516.16236
-44.917291,289,35516.267188
237.277572,365,35516.483176
228.8522,441,35516.804563
215.400083,309,35516.952073
256.596811,269,35517.07993
160.909223,779,35517.649374
230.551318,314,35517.79533
306.437337,193,35517.851595
147.370968,651,35519.813427
-234.813734,459,35520.137862
146.439935,429,35520.331777
131.790869,985,35521.771015
261.010263,200,35521.823721
200.977294,838,35522.491375
265.453435,273,35522.593866
259.654299,257,35522.711741
179.021125,419,35522.910575
128.315232,760,35523.630919
212.495823,764,35524.177589
226.240009,271,35524.291724
272.343631,203,35524.356323
222.910666,332,35524.509327
-24.406045,142,35524.543216
274.508459,302,35531.300867
260.612994,271,35531.421262
234.483839,207,35531.482325
202.395099,277,35531.580869
200.41233,368,35531.760506
288.577649,189,35531.810796
-50.615212,211,35531.874367
190.805899,282,35531.99888
270.203303,243,35532.078141
248.746584,280,35532.22078
216.889617,251,35532.300512
273.567449,212,35532.369368
258.474487,284,35532.474955
262.616661,242,35532.579134
243.969987,257,35532.677349
263.045613,387,35536.22058
154.54165,411,35536.484073
153.184254,456,35536.823933
253.367056,460,35537.182002
267.193228,314,35537.332968
122.443792,693,35538.015816
-462.523937,334,35538.15617
23.808394,153,35538.196711
250.398977,546,35538.55362
-227.403323,323,35538.743758
227.307021,965,35539.680691
-186.690038,306,35539.838552
228.170829,390,35540.086056
227.249933,273,35540.217829
165.022036,298,35540.36691
280.896264,292,35544.21539
95.260438,1000,35544.994051
218.259471,287,35545.124453
18.574524,1000,35545.976953
236.193189,378,35546.161042
290.386786,220,35546.224031
242.735072,275,35546.360002
180.574074,342,35546.492146
182.372723,520,35546.811643
208.209924,388,35547.12357
160.435311,509,35547.457961
261.509708,262,35547.587808
211.510584,308,35547.77477
261.696427,201,35547.834857
211.893005,564,35548.308635
221.062427,657,35549.986678
253.604315,268,35550.129859
193.252624,424,35550.437608
53.712335,1000,35551.387244
139.093244,477,35551.694995
266.323019,289,35551.832501
238.933152,612,35552.289459
243.827996,330,35552.463763
168.691633,344,35552.651549
167.673064,470,35553.149046
235.169369,335,35553.358016
179.591568,421,35553.664037
149.920297,311,35553.838763
310.243987,208,35553.919692
155.283003,598,35557.488602
259.867329,228,35563.985176
-30.112856,1000,35564.672151
270.541812,214,35564.728725
214.732305,218,35564.796344
283.954319,196,35564.848463
195.419615,252,35564.952723
283.21012,226,35565.018783
20.365468,255,35565.096091
205.278494,482,35565.428227
248.045531,213,35565.500724
233.883534,762,35565.853906
257.379945,249,35565.950723
170.114718,405,35566.155058
3.779705,195,35566.212329
302.33745,165,35566.254745
252.486872,186,35570.675517
226.946178,428,35570.912732
230.106256,397,35571.085529
242.949817,290,35571.207475
280.630281,246,35571.298704
249.908431,239,35571.374301
252.484632,249,35571.478219
196.061911,217,35571.545999
88.487901,1000,35572.683953
173.135696,348,35572.891105
99.893859,1000,35573.78311
283.71504,222,35573.857246
254.832579,223,35573.926773
211.797764,875,35574.514943
254.382143,224,35574.572494
269.089591,334,35579.571882
281.925036,236,35579.656354
276.082718,243,35579.7504
226.130993,353,35579.944093
272.117119,268,35580.039215
240.86693,238,35580.136392
-72.805112,292,35580.286234
268.184858,162,35580.33264
257.016153,253,35580.447825
275.51192,541,35580.723993
278.830912,205,35580.783238
280.214947,166,35580.829562
-361.403558,310,35580.964609
283.801823,196,35581.010943
237.924682,255,35581.130569
247.533595,698,35582.617932
-176.960125,190,35582.679807
270.444663,340,35582.817741
285.625422,217,35582.879133
267.403679,325,35582.989694
263.942381,216,35583.050941
230.920213,160,35583.090263
-147.434838,288,35583.258752
270.147237,254,35583.368276
271.313191,204,35583.42344
-208.295533,277,35583.521354
225.906598,470,35583.853113
241.652501,182,35583.90595
214.058629,352,35584.069838
253.031698,197,35584.131732
213.979107,262,35589.413703
237.919982,384,35589.672093
12.068119,119,35589.696868
124.949659,555,35590.036012
252.554529,327,35590.193553
205.63006,275,35590.309412
277.03029,182,35590.350803
266.861029,194,35590.40263
200.81114,263,35590.501292
255.71349,198,35590.565931
257.096645,200,35590.620879
195.201719,303,35590.7708
190.045803,372,35590.999233
283.771317,190,35591.044378
216.589267,489,35591.362537
202.689535,290,35595.824416
211.219303,377,35596.022755
218.647839,480,35596.364245
-247.951234,384,35596.531871
310.563969,220,35596.591407
250.019814,266,35596.678366
250.645157,271,35596.77617
209.129819,248,35596.85497
254.661884,229,35596.918813
184.019943,331,35597.100767
276.398458,218,35597.163593
250.355718,316,35597.310053
287.114293,330,35597.438058
-258.333763,241,35597.524099
279.622389,189,35597.577937
295.430527,201,35598.92123
-217.083117,263,35599.044678
163.419647,489,35599.422827
181.422712,314,35599.57922
-26.290829,231,35599.651976
-3.785372,188,35599.705513
220.343585,275,35599.836064
-51.979173,147,35599.868697
176.719581,302,35600.034142
246.438287,284,35600.151505
312.776384,226,35600.227059
-180.940247,199,35600.289229
265.858893,613,35600.759136
202.671038,268,35600.90236
-202.641287,298,35601.043684
206.163419,184,35606.892595
235.386287,240,35606.970948
-178.48628,244,35607.04299
212.713468,298,35607.176746
236.570711,188,35607.23233
250.442382,239,35607.326376
-184.631377,270,35607.440207
162.833504,348,35607.57965
233.357504,179,35607.635553
227.977604,256,35607.723347
-27.86432,143,35607.754443
200.751129,391,35608.035355
262.913102,278,35608.161517
268.625643,220,35608.221689
286.621048,234,35608.308162
199.361185,344,35612.355918
206.319286,304,35612.524216
171.201952,365,35612.718205
-3.260561,291,35612.838032
244.409023,319,35613.000368
206.529392,287,35613.122851
270.114077,262,35613.230816
-34.378242,213,35613.304694
-83.169765,728,35613.699352
281.032364,859,35614.321526
-202.651104,302,35614.475095
208.181546,297,35614.610044
177.772388,558,35615.333068
173.033063,416,35615.562582
167.992858,354,35615.728421
283.743029,180,35619.662654
242.808226,221,35619.737083
210.628615,422,35620.005395
294.044848,129,35620.034786
-37.445034,197,35620.100205
199.314613,406,35620.2871
265.376389,231,35620.366544
-192.457042,198,35620.419614
-64.820916,140,35620.453611
244.769848,356,35620.600317
234.054421,190,35620.660595
8.273028,245,35620.756515
272.800468,200,35620.825963
297.90678,285,35620.926113
220.148576,224,35621.000746
258.701765,186,35622.297035
21.927108,149,35622.339294
186.832392,276,35622.44994
238.983386,179,35622.49155
143.506183,641,35622.909043
216.021004,218,35622.989463
226.286967,218,35623.047427
295.880801,548,35623.291353
-26.160781,246,35623.378929
255.372982,326,35623.549918
289.869177,294,35623.646423
287.030046,178,35623.695407
265.157655,237,35623.767646
255.355841,238,35623.839038
237.632757,270,35623.939631
279.637928,527,35632.610261
296.000639,182,35632.664509
93.285354,1000,35633.08008
157.497561,1000,35633.814142
205.730685,350,35633.994022
214.808032,372,35634.193403
205.619905,298,35634.346897
252.841738,293,35634.434799
268.370252,195,35634.49824
268.396809,203,35634.547888
-107.440987,279,35634.640594
196.696594,221,35634.70697
288.870183,222,35634.780159
292.86325,829,35635.383686
185.843211,314,35635.566745
272.026488,424,35636.911529
262.787233,165,35636.949155
240.303636,221,35637.023054
245.185586,299,35637.164748
157.340139,1000,35637.901667
191.099396,298,35638.0377
217.790125,408,35638.253235
232.454977,201,35638.323303
186.936148,351,35638.521626
272.71434,258,35638.61397
121.380987,1000,35639.084158
211.388198,351,35639.286674
312.48644,169,35639.328428
241.514965,238,35639.409895
301.813108,196,35639.459478
245.075659,189,35643.784119
-23.762988,207,35643.846757
-208.649686,246,35643.918737
306.107933,206,35643.973962
236.063975,237,35644.050247
264.750311,215,35644.103081
214.943543,236,35644.185912
259.260212,226,35644.251759
-275.463792,244,35644.328244
248.735304,283,35644.464235
121.284783,1000,35645.64302
189.788624,280,35645.756232
259.488328,320,35645.91731
302.312892,224,35645.989705
227.254236,252,35646.071344
206.577943,335,35650.185414
47.083109,151,35650.225265
222.264422,230,35650.289921
23.351132,304,35650.431109
228.6382,353,35650.610361
209.726527,245,35650.711717
185.362569,321,35650.876669
254.869985,199,35650.928511
-26.387808,255,35651.034149
183.083544,343,35651.24389
-3.436507,310,35651.400904
28.242693,140,35651.435344
224.033541,812,35651.958381
-21.000048,317,35652.103452
243.068102,181,35652.162521
288.328721,183,35656.186757
317.467685,197,35656.249519
274.465101,186,35656.303873
116.068127,1000,35656.920758
140.856676,1000,35657.679202
-85.342115,311,35657.833746
289.105677,303,35657.994277
7.962809,126,35658.024139
251.49149,324,35658.175752
216.673361,226,35658.23971
-141.009498,481,35658.439187
266.449648,194,35658.493434
192.412853,302,35658.635159
-52.772013,190,35658.685655
20.317406,218,35658.764666
254.120223,219,35662.351704
157.746829,437,35662.685626
184.980389,681,35663.118993
189.589154,346,35663.295497
225.641794,875,35664.056599
10.573542,1000,35666.77737
253.242115,337,35666.905862
160.227891,599,35667.329159
10.233059,1000,35668.795174
225.249862,166,35668.841259
254.965344,340,35669.005383
239.212123,382,35669.307251
241.206892,229,35669.387935
280.508692,173,35669.436814
290.670726,219,35669.504719
-51.890272,291,35673.558364
249.685355,346,35673.720637
-240.199866,271,35673.852993
249.615731,212,35673.930179
266.65074,790,35674.571806
228.357622,316,35674.743804
232.828377,477,35674.992894
242.186537,423,35675.278919
242.637564,699,35675.965456
-223.341725,359,35676.171745
268.842915,246,35676.265297
258.935539,592,35676.560519
254.908221,230,35676.653416
201.673693,169,35676.706943
216.914411,452,35676.972269
-182.688456,332,35679.681819
207.231593,468,35679.995766
254.592317,226,35680.089065
106.295677,1000,35681.171931
4.420772,209,35681.252218
278.994424,190,35681.316001
192.595513,473,35681.617838
215.720799,262,35681.734175
259.241245,258,35681.831398
268.946045,281,35681.915974
230.91892,286,35682.047475
278.983503,220,35682.133101
267.84112,226,35682.227569
-169.246697,258,35682.323825
213.169833,283,35682.435642
271.846064,271,35683.597333
269.380436,200,35683.669595
285.505447,208,35683.731435
249.997235,368,35683.929458
160.919353,1000,35684.723031
247.455997,452,35685.016786
279.773691,316,35685.176981
247.296291,212,35685.255894
-184.144138,705,35685.981405
226.197845,414,35686.350609
234.304275,452,35686.566385
266.082111,312,35686.705815
200.208866,369,35686.992688
259.454356,265,35687.108822
259.067575,194,35687.162497
180.023211,1000,35694.114918
231.760124,181,35694.17589
197.083688,181,35694.228466
280.504259,344,35694.376526
-222.208124,311,35694.486027
-241.451582,244,35694.583314
-278.4991,383,35694.738219
271.810465,173,35694.785718
252.421057,316,35694.931787
-249.368995,361,35695.096626
150.924452,385,35695.35808
254.863269,242,35695.435453
-25.555978,264,35695.53762
239.255673,230,35695.612973
121.052874,1000,35696.185956
214.896378,201,35700.193894
205.149044,260,35700.301385
23.792417,325,35700.477398
272.401528,189,35700.536799
186.500516,1000,35701.511679
293.951949,209,35701.588199
29.946569,1000,35702.147862
171.987558,278,35702.273053
-22.056075,263,35702.37759
279.578729,229,35702.462506
-234.740411,238,35702.571239
269.417841,222,35702.653353
-41.714879,294,35702.771461
242.636475,594,35703.196711
132.622078,613,35703.684743
274.509384,218,35704.661792
185.142927,517,35705.15688
-289.537314,246,35705.250928
197.1795,362,35705.496093
169.559087,500,35705.90873
29.806443,169,35705.953238
182.307925,1000,35706.872823
266.286096,214,35706.931616
278.14356,269,35707.036729
234.104649,190,35707.098472
145.521934,1000,35708.046416
283.847434,200,35708.114439
208.476499,205,35708.18247
-1.428327,133,35708.212504
213.139522,400,35708.412943
37.394429,386,35715.231832
2.468976,148,35715.268194
119.059631,1000,35716.336313
244.279137,321,35716.488837
-59.708175,117,35716.514745
16.911332,1000,35717.72032
257.42893,216,35717.793518
275.559921,212,35717.86378
247.5207,270,35717.975452
185.139431,282,35718.094163
83.199789,160,35718.135416
180.088889,314,35718.253456
-25.992521,245,35718.325677
20.053911,194,35718.384644
263.993128,214,35718.450665
250.898433,206,35721.830459
0.404029,186,35721.882675
210.906706,422,35722.205735
144.373836,398,35722.49163
223.754851,328,35722.684194
233.127943,191,35722.734421
27.959679,203,35722.784033
264.310934,202,35722.836297
39.210462,158,35722.877597
252.54785,298,35723.008675
226.322458,255,35723.107012
244.065986,233,35723.175546
234.140397,284,35723.332367
234.595348,350,35723.591793
246.961664,250,35723.711454
230.466374,225,35725.321663
227.945149,384,35725.512328
324.664886,180,35725.569453
268.054069,218,35725.633718
259.419781,309,35725.770891
222.178503,213,35725.840948
297.481117,195,35725.903818
270.929372,228,35726.000307
262.625188,249,35726.109191
264.374078,225,35726.183761
244.886702,284,35726.293924
-110.206696,852,35726.842682
268.075193,306,35726.97027
223.334856,404,35727.181872
259.856933,526,35727.678577
209.615287,358,35734.187773
233.582528,375,35734.474297
311.638866,225,35734.554411
248.198052,618,35735.23789
-50.859293,223,35735.311792
135.46061,1000,35736.380626
259.611881,278,35736.518171
208.747641,409,35736.892587
169.847981,320,35737.055658
294.684103,262,35737.173215
241.573586,213,35737.238702
203.524128,442,35737.697671
233.619624,334,35737.868078
268.20253,272,35737.993885
226.936154,282,35738.133565
245.223296,350,35742.435261
-57.204439,124,35742.464504
221.037195,186,35742.531807
297.743781,201,35742.590796
266.90091,268,35742.698323
235.763544,211,35742.766269
157.959907,1000,35743.834006
233.396351,198,35743.895983
-42.178188,167,35743.949568
256.974942,282,35744.101696
253.477641,284,35744.208421
272.26952,236,35744.301846
205.529246,205,35744.360899
116.245634,1000,35745.797889
285.627416,213,35745.873567
-1.813586,152,35749.934364
277.031776,266,35750.035421
238.106722,318,35750.195083
263.759853,262,35750.296021
-165.019134,182,35750.3489
263.394496,237,35750.436947
-195.436275,192,35750.490336
213.946613,274,35750.608284
275.331591,293,35750.744926
249.042947,916,35751.825871
284.961331,251,35751.921594
262.744133,195,35751.985385
-199.672329,197,35752.043882
234.539591,766,35752.65571
257.720353,261,35752.745143
-190.766781,182,35754.147872
190.260921,250,35754.26719
263.154652,325,35754.390748
246.549173,258,35754.511584
203.961791,315,35754.636334
294.367155,207,35754.719521
-182.190302,183,35754.766501
-2.049956,1000,35756.833447
271.61602,260,35756.920839
293.46035,266,35757.042138
211.953609,277,35757.167094
214.307605,266,35757.283622
221.29719,352,35757.512967
277.336223,223,35757.59121
253.442191,257,35757.695968
272.590373,225,35764.323429
270.030884,251,35764.420727
161.041619,889,35764.975481
195.638021,510,35765.344053
269.906832,209,35765.416329
260.305272,244,35765.507836
246.148942,380,35765.736055
-59.128597,484,35765.983844
206.419028,636,35766.400027
268.266717,218,35766.467863
259.057587,223,35766.549411
232.022757,257,35766.661751
298.041467,342,35766.863672
261.337662,238,35766.948334
253.502267,265,35767.078981
